session_id,age,monthly_income,device,traffic_source,campaign,segment,session_hour,is_weekend,page_view,add_to_cart,purchase_amount,purchased
S00001,34,48887,,ads,search,growth,10,0,5,1,0.0,0
S00002,36,77288,mobile,ads,search,new,19,0,7,0,0.0,0
S00003,22,38869,mobile,ads,brand,new,10,1,4,0,0.0,0
S00004,28,38820,mobile,ads,summer_sale,vip,15,0,5,0,0.0,0
S00005,30,76136,mobile,email,,new,16,0,3,0,0.0,0
S00006,23,71525,desktop,organic,none,new,20,0,5,0,0.0,0
S00007,37,35697,mobile,ads,vip_offer,,16,1,3,1,0.0,0
S00008,24,93101,desktop,email,summer_sale,new,9,0,4,0,0.0,0
S00009,28,47651,desktop,organic,none,new,14,0,1,0,0.0,0
S00010,44,80208,mobile,ads,vip_offer,new,18,0,3,1,0.0,0
S00011,30,37842,mobile,email,vip_offer,new,11,0,3,1,0.0,0
S00012,18,117062,desktop,email,summer_sale,vip,15,0,7,1,2458.31,1
S00013,36,41068,mobile,ads,vip_offer,new,9,1,1,1,398.45,1
S00014,35,47491,mobile,referral,none,growth,18,1,4,1,0.0,0
S00015,69,51417,mobile,ads,summer_sale,new,19,1,4,1,0.0,0
S00016,29,51501,,ads,summer_sale,new,16,0,2,0,0.0,0
S00017,35,29234,mobile,ads,summer_sale,new,12,0,4,1,0.0,0
S00018,24,44426,tablet,email,search,vip,13,1,4,1,0.0,0
S00019,40,42090,desktop,organic,none,new,15,0,2,0,447.32,1
S00020,56,58359,mobile,organic,,vip,9,0,2,0,0.0,0
S00021,42,71980,desktop,referral,none,growth,19,0,3,0,0.0,0
S00022,28,76696,desktop,ads,brand,growth,20,0,6,2,1532.44,1
S00023,42,22000,desktop,referral,none,new,18,0,4,1,736.18,1
S00024,34,34630,mobile,ads,search,growth,11,1,5,0,1312.07,1
S00025,18,27128,desktop,organic,none,growth,21,1,1,0,0.0,0
S00026,29,50887,mobile,ads,summer_sale,new,10,0,4,1,0.0,0
S00027,37,50811,desktop,organic,none,new,19,0,1,0,0.0,0
S00028,49,31502,desktop,referral,none,growth,12,1,6,0,0.0,0
S00029,35,67997,mobile,organic,none,vip,16,1,6,2,0.0,0
S00030,29,53142,mobile,ads,summer_sale,growth,14,0,4,1,0.0,0
S00031,19,82266,mobile,organic,none,growth,15,0,4,0,0.0,0
S00032,18,32998,desktop,ads,brand,vip,22,0,8,1,0.0,0
S00033,36,94024,mobile,organic,none,growth,20,0,2,0,0.0,0
S00034,36,56842,mobile,organic,none,new,23,0,4,0,0.0,0
S00035,25,48341,desktop,organic,none,growth,16,0,4,1,0.0,0
S00036,51,85779,mobile,organic,none,new,12,0,3,0,0.0,0
S00037,25,55706,mobile,ads,summer_sale,vip,23,0,7,0,0.0,0
S00038,40,31434,desktop,organic,none,vip,17,1,3,0,0.0,0
S00039,32,43100,mobile,ads,brand,new,22,0,2,0,0.0,0
S00040,36,69319,mobile,organic,none,vip,12,0,4,1,0.0,0
S00041,,52287,mobile,organic,none,new,16,0,3,0,0.0,0
S00042,50,32687,mobile,email,search,new,23,1,3,0,0.0,0
S00043,40,31040,mobile,organic,,new,20,1,3,0,0.0,0
S00044,35,,mobile,email,vip_offer,new,8,1,4,0,0.0,0
S00045,49,43509,mobile,email,vip_offer,new,16,0,1,0,0.0,0
S00046,37,22000,mobile,referral,none,new,17,1,5,0,0.0,0
S00047,54,37121,tablet,ads,search,new,21,0,3,0,0.0,0
S00048,20,47921,desktop,ads,search,vip,8,1,6,1,0.0,0
S00049,18,42628,desktop,email,summer_sale,new,9,0,3,1,0.0,0
S00050,51,67916,mobile,ads,vip_offer,new,13,0,4,1,0.0,0
S00051,27,55210,mobile,ads,vip_offer,vip,17,0,4,0,0.0,0
S00052,39,85566,mobile,ads,brand,vip,9,1,6,0,0.0,0
S00053,37,24959,mobile,ads,summer_sale,growth,9,0,1,0,0.0,0
S00054,40,37641,mobile,email,vip_offer,vip,17,1,5,2,0.0,0
S00055,44,61691,mobile,ads,brand,new,16,0,5,2,0.0,0
S00056,18,79791,mobile,organic,none,new,12,0,7,1,0.0,0
S00057,43,46551,desktop,ads,brand,new,15,1,5,0,951.5,1
S00058,18,,mobile,organic,none,vip,14,0,5,1,1364.78,1
S00059,42,75554,mobile,ads,,growth,15,0,5,1,0.0,0
S00060,36,59493,mobile,organic,none,vip,9,1,1,0,0.0,0
S00061,45,69942,desktop,referral,none,new,17,0,2,0,0.0,0
S00062,33,41509,mobile,ads,summer_sale,new,16,0,5,2,1476.71,1
S00063,45,35862,desktop,email,search,growth,17,0,6,1,1521.58,1
S00064,48,62346,desktop,ads,brand,vip,16,0,2,0,0.0,0
S00065,40,50608,mobile,organic,none,new,13,0,2,0,0.0,0
S00066,18,32634,mobile,referral,none,new,21,0,3,0,0.0,0
S00067,52,41646,desktop,ads,brand,new,23,1,4,0,883.68,1
S00068,21,39405,mobile,ads,brand,new,18,0,5,0,0.0,0
S00069,32,43360,mobile,organic,none,new,14,1,5,1,0.0,0
S00070,43,79800,mobile,referral,none,growth,22,0,6,0,0.0,0
S00071,26,37925,mobile,organic,none,new,19,1,2,1,0.0,0
S00072,41,27677,mobile,organic,none,new,9,0,4,0,0.0,0
S00073,18,25591,mobile,referral,none,growth,9,1,7,0,1193.79,1
S00074,44,43372,mobile,email,summer_sale,growth,20,0,3,0,0.0,0
S00075,31,31780,desktop,organic,none,new,19,0,5,0,0.0,0
S00076,33,50430,desktop,email,vip_offer,growth,20,0,1,0,0.0,0
S00077,37,39152,mobile,email,search,growth,14,0,9,1,0.0,0
S00078,26,44111,desktop,email,vip_offer,new,13,0,3,0,0.0,0
S00079,28,62551,mobile,ads,vip_offer,new,18,1,5,0,597.83,1
S00080,37,50033,mobile,ads,search,vip,21,0,5,1,1891.16,1
S00081,35,,mobile,organic,none,new,10,0,1,0,0.0,0
S00082,55,51714,mobile,ads,brand,growth,11,1,2,0,0.0,0
S00083,29,53535,mobile,referral,none,vip,9,0,6,1,0.0,0
S00084,37,62752,mobile,organic,none,vip,22,1,4,0,0.0,0
S00085,47,63633,desktop,organic,none,new,10,0,2,0,0.0,0
S00086,46,31601,mobile,referral,none,new,13,1,1,1,1109.62,1
S00087,43,30808,desktop,organic,none,new,16,0,5,1,0.0,0
S00088,46,41516,mobile,email,brand,new,22,1,5,0,0.0,0
S00089,18,59827,mobile,email,vip_offer,growth,15,1,5,1,0.0,0
S00090,37,45689,tablet,organic,none,new,19,0,4,0,0.0,0
S00091,24,74093,mobile,email,vip_offer,growth,17,1,8,1,0.0,0
S00092,20,24656,mobile,email,summer_sale,new,8,0,6,1,0.0,0
S00093,30,49942,mobile,organic,none,new,14,0,4,1,0.0,0
S00094,43,65690,mobile,ads,vip_offer,vip,21,0,6,1,0.0,0
S00095,31,64255,mobile,ads,brand,new,23,0,3,1,0.0,0
S00096,46,61505,desktop,ads,brand,vip,11,0,7,0,0.0,0
S00097,41,32378,desktop,organic,none,new,18,0,3,0,0.0,0
S00098,39,36197,desktop,email,vip_offer,growth,8,0,4,0,0.0,0
S00099,50,50077,tablet,ads,vip_offer,new,18,0,3,0,0.0,0
S00100,38,67390,desktop,organic,none,new,13,0,1,0,0.0,0
S00101,33,39132,tablet,referral,none,growth,23,0,8,1,1512.22,1
S00102,46,45327,mobile,organic,,new,23,0,6,0,0.0,0
S00103,41,44776,mobile,ads,vip_offer,new,23,0,3,0,0.0,0
S00104,34,28079,mobile,organic,none,growth,9,1,1,0,0.0,0
S00105,58,42317,desktop,ads,search,growth,11,1,3,0,0.0,0
S00106,45,34902,mobile,organic,none,new,14,0,1,0,0.0,0
S00107,32,64163,mobile,ads,vip_offer,growth,18,0,4,0,1066.26,1
S00108,34,60344,tablet,ads,brand,growth,15,1,2,0,0.0,0
S00109,37,53089,mobile,organic,none,growth,10,1,1,1,0.0,0
S00110,18,54702,mobile,ads,,new,21,0,5,0,0.0,0
S00111,39,94007,mobile,email,search,new,21,0,3,1,0.0,0
S00112,39,45181,desktop,ads,search,vip,20,0,5,2,0.0,0
S00113,28,76878,mobile,referral,none,vip,8,0,7,1,0.0,0
S00114,36,42241,tablet,ads,vip_offer,vip,18,0,6,1,0.0,0
S00115,18,46761,mobile,organic,none,new,18,0,3,0,0.0,0
S00116,32,53427,mobile,organic,none,growth,20,0,5,0,0.0,0
S00117,49,60146,desktop,referral,none,growth,23,0,3,0,0.0,0
S00118,49,37783,desktop,organic,none,new,18,1,1,0,0.0,0
S00119,44,66874,mobile,organic,none,new,12,0,2,0,0.0,0
S00120,18,38501,mobile,referral,none,new,23,0,3,1,0.0,0
S00121,26,53943,mobile,organic,,new,12,0,3,0,0.0,0
S00122,34,51113,mobile,ads,vip_offer,vip,8,0,4,0,0.0,0
S00123,25,38130,mobile,organic,none,vip,15,0,6,0,1745.21,1
S00124,35,82188,desktop,organic,none,vip,11,1,7,0,2040.16,1
S00125,27,45822,desktop,ads,search,new,12,1,2,0,0.0,0
S00126,23,71691,desktop,referral,none,new,19,0,1,0,0.0,0
S00127,43,35148,tablet,organic,none,growth,20,0,4,0,0.0,0
S00128,34,59805,mobile,organic,none,new,16,0,5,0,0.0,0
S00129,41,70547,desktop,referral,,growth,15,0,4,1,0.0,0
S00130,35,65544,desktop,organic,none,new,11,0,5,0,0.0,0
S00131,36,44373,desktop,organic,none,new,20,1,6,1,0.0,0
S00132,25,39619,desktop,organic,none,vip,22,1,6,0,1818.05,1
S00133,41,67558,mobile,organic,none,growth,20,0,7,2,0.0,0
S00134,26,64440,desktop,organic,none,growth,18,1,6,2,0.0,0
S00135,25,40795,mobile,ads,brand,new,21,1,6,0,0.0,0
S00136,45,45617,desktop,ads,vip_offer,growth,11,0,5,1,0.0,0
S00137,30,36915,desktop,email,summer_sale,new,21,0,3,0,0.0,0
S00138,29,22000,mobile,organic,none,new,11,0,3,0,0.0,0
S00139,42,62367,mobile,referral,none,growth,21,0,2,0,0.0,0
S00140,31,65668,desktop,email,search,new,14,1,1,0,0.0,0
S00141,36,56561,mobile,ads,brand,growth,23,0,5,0,0.0,0
S00142,39,44276,desktop,ads,vip_offer,new,10,0,2,0,0.0,0
S00143,39,22000,desktop,organic,none,growth,13,0,3,1,0.0,0
S00144,28,77218,mobile,referral,none,growth,20,0,7,0,0.0,0
S00145,31,93582,mobile,email,brand,new,8,1,4,0,0.0,0
S00146,32,47252,mobile,email,search,growth,9,0,6,0,1157.31,1
S00147,33,40261,desktop,ads,,new,10,0,7,0,522.46,1
S00148,24,33875,mobile,ads,vip_offer,new,11,1,2,0,0.0,0
S00149,22,74162,desktop,organic,none,growth,10,0,7,1,1506.1,1
S00150,27,,tablet,organic,none,new,16,0,3,0,0.0,0
S00151,49,58749,desktop,referral,none,growth,15,0,6,1,0.0,0
S00152,25,72418,desktop,email,search,growth,8,0,5,0,0.0,0
S00153,36,41177,mobile,organic,none,new,12,0,2,0,0.0,0
S00154,39,54719,mobile,organic,none,growth,17,0,3,2,0.0,0
S00155,30,72481,mobile,email,summer_sale,new,21,0,1,1,0.0,0
S00156,47,35381,mobile,referral,none,new,8,0,1,0,0.0,0
S00157,37,27154,mobile,ads,summer_sale,new,9,0,5,0,0.0,0
S00158,42,52602,desktop,organic,none,growth,22,0,11,1,0.0,0
S00159,29,68230,desktop,organic,none,growth,17,0,4,0,0.0,0
S00160,45,38886,desktop,organic,none,vip,10,0,2,0,0.0,0
S00161,35,25410,mobile,organic,none,new,14,0,5,0,0.0,0
S00162,25,57975,desktop,ads,brand,growth,17,1,4,0,0.0,0
S00163,33,72425,desktop,organic,none,growth,11,0,8,0,1690.22,1
S00164,37,39891,desktop,ads,summer_sale,new,22,1,2,1,719.8,1
S00165,37,54547,mobile,email,search,new,15,0,4,0,0.0,0
S00166,41,,tablet,referral,none,new,23,0,1,0,386.3,1
S00167,27,70611,mobile,ads,search,new,15,0,5,1,0.0,0
S00168,18,55692,desktop,email,search,,14,1,4,0,0.0,0
S00169,29,73636,desktop,organic,none,new,18,0,5,2,0.0,0
S00170,48,80889,mobile,organic,none,new,18,0,3,0,0.0,0
S00171,34,43297,desktop,email,vip_offer,vip,20,1,5,1,0.0,0
S00172,23,22000,desktop,,none,growth,18,0,1,0,0.0,0
S00173,56,44784,mobile,organic,none,growth,11,1,4,0,0.0,0
S00174,23,31461,mobile,ads,search,vip,10,0,9,0,0.0,0
S00175,46,49041,desktop,email,search,growth,17,0,5,0,0.0,0
S00176,41,62874,mobile,ads,brand,growth,17,1,4,0,0.0,0
S00177,29,54807,mobile,ads,vip_offer,growth,11,0,2,0,0.0,0
S00178,46,67068,mobile,email,vip_offer,growth,12,0,2,0,0.0,0
S00179,41,,mobile,organic,none,new,10,0,1,0,0.0,0
S00180,31,65723,desktop,email,brand,new,11,0,5,1,0.0,0
S00181,24,33598,mobile,organic,none,vip,15,0,3,0,0.0,0
S00182,37,54100,desktop,referral,,new,21,0,5,1,0.0,0
S00183,33,34292,desktop,organic,,growth,13,0,6,1,0.0,0
S00184,19,35183,mobile,email,brand,growth,19,0,6,0,0.0,0
S00185,45,31677,desktop,ads,summer_sale,new,8,1,6,2,1073.45,1
S00186,42,35976,mobile,organic,none,growth,20,0,12,0,0.0,0
S00187,37,49355,mobile,referral,none,vip,17,0,7,2,0.0,0
S00188,29,89624,mobile,referral,none,growth,14,0,3,0,0.0,0
S00189,21,46483,desktop,referral,none,growth,13,1,6,0,0.0,0
S00190,26,41708,mobile,ads,brand,growth,10,0,4,0,0.0,0
S00191,40,61973,desktop,ads,brand,new,18,0,3,2,1306.3,1
S00192,,,mobile,organic,none,growth,8,1,5,0,0.0,0
S00193,45,64808,mobile,ads,vip_offer,new,17,0,1,0,0.0,0
S00194,34,55922,mobile,referral,,growth,13,0,7,0,0.0,0
S00195,50,73507,mobile,ads,summer_sale,new,11,0,2,0,0.0,0
S00196,36,74664,mobile,ads,vip_offer,new,14,0,5,0,0.0,0
S00197,36,54869,mobile,ads,summer_sale,growth,23,0,6,0,0.0,0
S00198,42,76756,mobile,referral,none,new,11,0,1,0,1041.39,1
S00199,24,56540,mobile,email,search,new,20,0,2,0,0.0,0
S00200,24,64114,desktop,referral,,new,20,1,1,0,0.0,0
S00201,23,50403,desktop,organic,none,growth,15,1,4,0,0.0,0
S00202,31,36124,desktop,organic,none,vip,9,0,7,1,0.0,0
S00203,,54985,mobile,organic,none,new,23,0,2,1,715.63,1
S00204,42,59192,tablet,organic,none,,15,1,6,1,0.0,0
S00205,24,27959,mobile,organic,none,new,13,0,4,0,0.0,0
S00206,21,36106,mobile,organic,none,growth,11,1,7,1,952.27,1
S00207,36,62449,desktop,ads,vip_offer,new,18,0,5,1,0.0,0
S00208,35,36831,desktop,email,vip_offer,growth,14,0,3,0,0.0,0
S00209,30,39660,desktop,referral,none,new,17,1,5,2,0.0,0
S00210,38,57125,desktop,ads,vip_offer,growth,19,1,7,0,0.0,0
S00211,48,67956,tablet,email,search,new,9,0,2,0,0.0,0
S00212,40,22000,mobile,ads,vip_offer,growth,13,1,4,1,0.0,0
S00213,30,91665,desktop,referral,none,new,19,0,4,0,0.0,0
S00214,23,82271,desktop,organic,none,new,23,1,6,1,0.0,0
S00215,18,68723,mobile,ads,,vip,19,0,4,0,1696.53,1
S00216,32,76578,desktop,email,search,new,11,0,4,0,0.0,0
S00217,52,,desktop,organic,,new,16,0,1,0,0.0,0
S00218,39,61804,mobile,ads,search,growth,10,0,2,0,0.0,0
S00219,18,39051,mobile,referral,none,vip,19,1,9,2,2014.75,1
S00220,52,32356,mobile,ads,search,growth,16,0,5,0,0.0,0
S00221,52,35259,mobile,ads,brand,new,14,0,5,0,0.0,0
S00222,39,24301,desktop,ads,summer_sale,new,18,1,1,0,0.0,0
S00223,38,57425,mobile,ads,vip_offer,growth,8,1,3,0,0.0,0
S00224,38,82523,desktop,ads,vip_offer,new,10,0,1,0,0.0,0
S00225,35,47194,mobile,referral,none,new,16,0,1,1,0.0,0
S00226,18,47465,desktop,ads,summer_sale,growth,13,0,2,0,0.0,0
S00227,45,27647,mobile,ads,summer_sale,new,10,0,3,1,0.0,0
S00228,29,,mobile,ads,search,growth,12,0,6,1,0.0,0
S00229,39,22000,desktop,ads,,growth,12,1,6,0,0.0,0
S00230,32,58640,mobile,organic,none,vip,21,1,4,0,0.0,0
S00231,32,51144,tablet,referral,none,new,21,0,3,1,0.0,0
S00232,40,57560,mobile,ads,summer_sale,vip,17,0,4,2,0.0,0
S00233,33,39958,mobile,organic,none,growth,20,1,3,0,0.0,0
S00234,31,23772,desktop,referral,none,growth,22,1,5,0,0.0,0
S00235,34,63226,mobile,organic,none,new,16,0,1,1,0.0,0
S00236,29,37065,mobile,referral,none,growth,17,0,4,0,0.0,0
S00237,24,30381,mobile,ads,,new,10,1,5,0,0.0,0
S00238,41,71055,desktop,organic,none,new,11,1,7,0,0.0,0
S00239,30,32661,desktop,ads,vip_offer,,10,0,4,0,0.0,0
S00240,36,59953,desktop,referral,none,new,13,0,1,0,0.0,0
S00241,52,55250,mobile,organic,none,new,11,0,4,1,1361.98,1
S00242,18,50229,desktop,organic,none,new,12,0,4,0,0.0,0
S00243,32,33063,desktop,ads,vip_offer,new,11,0,2,0,0.0,0
S00244,30,39949,mobile,organic,none,vip,15,1,7,0,0.0,0
S00245,46,53152,mobile,email,search,growth,18,1,3,0,0.0,0
S00246,48,50956,desktop,referral,none,new,21,0,5,0,0.0,0
S00247,30,33564,desktop,email,brand,new,17,0,7,0,0.0,0
S00248,30,35779,desktop,organic,none,vip,19,1,2,0,0.0,0
S00249,35,39621,mobile,ads,summer_sale,vip,23,0,7,0,1503.84,1
S00250,31,55271,mobile,ads,brand,new,19,1,2,0,0.0,0
S00251,46,65794,desktop,,none,vip,23,0,4,0,0.0,0
S00252,29,68835,mobile,email,summer_sale,vip,23,0,5,0,0.0,0
S00253,18,58011,mobile,organic,none,growth,16,0,3,0,0.0,0
S00254,34,76891,mobile,ads,summer_sale,new,8,0,4,0,0.0,0
S00255,40,22000,mobile,email,brand,vip,9,0,6,1,0.0,0
S00256,35,47314,mobile,referral,none,growth,14,0,3,0,0.0,0
S00257,28,79326,mobile,ads,summer_sale,growth,18,0,1,0,0.0,0
S00258,36,38503,mobile,referral,none,new,9,0,1,0,0.0,0
S00259,23,61652,mobile,ads,vip_offer,vip,23,0,8,1,0.0,0
S00260,25,48177,desktop,organic,none,new,20,1,5,1,791.96,1
S00261,33,70085,mobile,ads,,growth,9,1,7,1,0.0,0
S00262,50,63151,mobile,email,search,new,9,0,2,0,0.0,0
S00263,42,57904,mobile,ads,vip_offer,new,20,0,2,0,0.0,0
S00264,34,44430,desktop,organic,none,growth,13,0,4,0,0.0,0
S00265,40,37874,,organic,none,new,16,0,1,1,969.46,1
S00266,39,22000,desktop,email,brand,growth,12,0,3,1,0.0,0
S00267,37,67668,desktop,organic,none,vip,17,0,8,0,0.0,0
S00268,48,73213,desktop,email,brand,vip,20,0,3,0,0.0,0
S00269,34,39248,mobile,organic,none,new,10,0,3,0,0.0,0
S00270,39,69103,desktop,organic,none,vip,15,0,5,0,0.0,0
S00271,46,53352,mobile,referral,none,growth,12,0,3,0,0.0,0
S00272,31,44987,desktop,ads,vip_offer,new,11,0,1,0,0.0,0
S00273,37,75648,desktop,ads,,new,17,0,3,0,883.5,1
S00274,34,69528,mobile,organic,,vip,11,1,3,0,0.0,0
S00275,43,44796,mobile,referral,none,new,19,0,1,0,0.0,0
S00276,67,64218,mobile,organic,none,new,20,0,3,0,0.0,0
S00277,30,55004,desktop,organic,none,growth,14,1,3,0,0.0,0
S00278,50,22000,mobile,organic,none,vip,8,1,3,0,0.0,0
S00279,36,43588,mobile,referral,none,growth,16,0,2,0,702.85,1
S00280,39,68310,mobile,ads,vip_offer,new,21,1,5,1,1154.61,1
S00281,36,70334,mobile,referral,none,new,18,0,5,0,0.0,0
S00282,31,52601,tablet,ads,brand,new,9,0,5,0,0.0,0
S00283,21,57885,mobile,organic,none,new,12,0,3,0,0.0,0
S00284,38,67055,mobile,referral,none,growth,10,0,7,1,0.0,0
S00285,47,,mobile,referral,none,new,17,1,5,1,1185.43,1
S00286,29,52516,desktop,organic,none,new,8,0,1,0,0.0,0
S00287,31,59960,tablet,ads,vip_offer,new,13,0,2,0,0.0,0
S00288,43,24568,desktop,ads,vip_offer,new,11,0,3,0,0.0,0
S00289,48,100234,mobile,organic,none,new,19,1,1,0,0.0,0
S00290,37,60466,mobile,referral,none,growth,14,1,6,1,1361.81,1
S00291,51,53054,mobile,referral,none,growth,8,1,5,0,0.0,0
S00292,53,67919,desktop,email,summer_sale,new,17,0,2,0,0.0,0
S00293,64,62045,desktop,email,brand,growth,20,0,6,1,0.0,0
S00294,47,76031,desktop,email,vip_offer,new,8,1,5,0,0.0,0
S00295,46,22000,desktop,ads,summer_sale,growth,22,0,4,2,0.0,0
S00296,32,44056,mobile,ads,summer_sale,growth,22,0,3,1,0.0,0
S00297,48,62739,mobile,organic,none,new,23,1,5,1,0.0,0
S00298,39,53729,mobile,email,search,growth,12,0,1,0,0.0,0
S00299,42,43524,mobile,ads,search,vip,18,1,7,1,0.0,0
S00300,28,69951,mobile,organic,none,new,21,0,5,1,1237.49,1
S00301,50,37715,desktop,email,search,new,22,0,1,1,1116.97,1
S00302,47,81544,desktop,ads,search,new,12,0,1,0,0.0,0
S00303,18,72426,mobile,ads,summer_sale,new,20,1,3,0,813.82,1
S00304,24,38465,desktop,organic,,new,14,0,2,0,0.0,0
S00305,37,80634,mobile,organic,none,vip,10,0,5,0,0.0,0
S00306,40,35951,mobile,organic,none,new,23,1,3,0,0.0,0
S00307,47,48360,desktop,email,search,vip,16,0,4,1,0.0,0
S00308,46,39315,mobile,organic,,vip,18,0,8,2,0.0,0
S00309,31,84687,desktop,ads,brand,new,10,1,3,1,1296.98,1
S00310,39,22000,desktop,organic,none,new,12,0,3,0,0.0,0
S00311,19,35774,mobile,ads,vip_offer,,9,0,2,0,0.0,0
S00312,41,26273,tablet,referral,none,new,19,1,4,0,0.0,0
S00313,38,22383,desktop,organic,,new,18,0,5,3,0.0,0
S00314,35,47493,desktop,email,vip_offer,new,11,0,3,1,0.0,0
S00315,34,70735,tablet,referral,none,new,13,1,3,0,0.0,0
S00316,39,31755,mobile,organic,none,new,11,1,5,0,0.0,0
S00317,21,22000,desktop,ads,search,growth,20,0,1,0,0.0,0
S00318,33,53704,mobile,email,summer_sale,new,17,0,2,0,0.0,0
S00319,18,36183,desktop,ads,vip_offer,new,11,0,2,0,0.0,0
S00320,39,44107,desktop,organic,,vip,9,0,7,1,1576.67,1
S00321,25,50097,mobile,email,brand,growth,15,0,1,2,0.0,0
S00322,24,38011,mobile,ads,summer_sale,new,20,0,6,1,0.0,0
S00323,34,22000,mobile,ads,vip_offer,growth,20,1,6,2,0.0,0
S00324,39,59156,mobile,,none,new,13,0,4,0,0.0,0
S00325,37,44071,mobile,referral,none,growth,15,0,4,0,0.0,0
S00326,48,86353,mobile,organic,none,new,16,0,4,1,0.0,0
S00327,20,46494,desktop,organic,none,growth,18,0,5,1,0.0,0
S00328,40,67658,mobile,ads,search,new,16,0,5,2,0.0,0
S00329,47,71607,desktop,ads,summer_sale,new,23,1,2,1,0.0,0
S00330,43,70926,mobile,email,summer_sale,new,23,1,1,0,0.0,0
S00331,35,44622,mobile,organic,none,new,22,1,6,0,409.27,1
S00332,40,56406,desktop,organic,none,new,21,1,2,0,0.0,0
S00333,18,48347,mobile,ads,summer_sale,new,22,0,2,0,0.0,0
S00334,40,52521,desktop,referral,none,growth,18,0,1,0,0.0,0
S00335,32,25749,mobile,ads,vip_offer,growth,10,0,4,0,0.0,0
S00336,33,26924,mobile,email,summer_sale,growth,12,0,3,0,0.0,0
S00337,28,73656,mobile,organic,none,growth,22,0,1,0,0.0,0
S00338,27,76053,mobile,organic,none,new,13,1,2,0,0.0,0
S00339,41,73211,mobile,organic,none,new,19,0,5,2,0.0,0
S00340,34,42933,desktop,email,,growth,12,1,2,0,0.0,0
S00341,30,43451,mobile,organic,none,growth,14,0,5,2,0.0,0
S00342,59,88897,mobile,ads,search,vip,19,0,3,1,0.0,0
S00343,45,22000,mobile,email,brand,new,10,0,1,0,0.0,0
S00344,64,25392,desktop,ads,brand,,20,0,2,0,0.0,0
S00345,54,42690,mobile,referral,none,vip,21,0,7,1,0.0,0
S00346,28,84808,mobile,referral,none,new,16,0,2,1,0.0,0
S00347,18,44185,mobile,referral,none,new,11,0,4,1,0.0,0
S00348,43,45867,mobile,email,summer_sale,new,14,0,6,1,0.0,0
S00349,42,66902,tablet,organic,,vip,13,0,9,1,2020.9,1
S00350,38,22071,mobile,ads,summer_sale,growth,9,0,4,2,0.0,0
S00351,34,92986,mobile,,vip_offer,growth,15,0,2,1,0.0,0
S00352,53,35162,mobile,referral,none,new,11,0,2,1,0.0,0
S00353,43,67533,mobile,ads,vip_offer,growth,17,0,4,0,0.0,0
S00354,33,41787,tablet,organic,none,new,22,0,3,0,0.0,0
S00355,31,62668,mobile,ads,brand,new,23,0,7,0,0.0,0
S00356,30,51271,mobile,ads,vip_offer,new,15,0,4,2,0.0,0
S00357,,55518,mobile,referral,none,new,16,0,1,0,0.0,0
S00358,42,36465,mobile,ads,search,growth,17,1,5,1,0.0,0
S00359,45,22000,desktop,organic,none,vip,18,0,5,0,1016.38,1
S00360,49,46779,mobile,ads,,new,10,1,3,1,0.0,0
S00361,33,52722,mobile,organic,none,new,11,1,5,1,0.0,0
S00362,44,63994,mobile,ads,summer_sale,vip,20,1,3,0,0.0,0
S00363,33,,desktop,organic,none,new,18,0,1,0,0.0,0
S00364,44,80802,mobile,email,summer_sale,growth,21,1,3,0,0.0,0
S00365,28,82792,mobile,ads,summer_sale,new,17,0,3,0,0.0,0
S00366,49,62028,mobile,ads,search,growth,16,0,3,1,0.0,0
S00367,47,35772,desktop,organic,none,growth,12,0,2,1,0.0,0
S00368,30,66554,desktop,referral,none,vip,14,0,2,1,1519.76,1
S00369,29,82748,mobile,referral,none,growth,8,0,1,0,1113.13,1
S00370,18,40124,desktop,organic,none,new,22,0,1,0,0.0,0
S00371,53,26517,desktop,email,search,growth,21,1,4,0,0.0,0
S00372,40,45197,mobile,organic,none,growth,18,0,2,2,0.0,0
S00373,42,70157,tablet,email,brand,growth,21,1,3,0,0.0,0
S00374,46,27501,desktop,ads,vip_offer,new,15,1,6,0,0.0,0
S00375,42,72423,mobile,organic,none,growth,22,1,2,1,0.0,0
S00376,36,50299,mobile,referral,none,new,16,0,2,0,0.0,0
S00377,30,59461,mobile,organic,none,growth,10,0,5,1,0.0,0
S00378,39,46156,mobile,email,,growth,13,0,6,0,0.0,0
S00379,50,78253,desktop,referral,none,vip,17,1,5,0,0.0,0
S00380,54,74662,mobile,ads,search,new,13,0,2,0,0.0,0
S00381,18,53532,desktop,ads,summer_sale,new,17,0,4,1,0.0,0
S00382,46,78860,desktop,,none,growth,11,1,4,2,0.0,0
S00383,44,47154,desktop,referral,none,vip,12,0,8,3,0.0,0
S00384,40,58437,desktop,ads,search,growth,12,0,3,0,0.0,0
S00385,39,70584,mobile,ads,search,growth,10,1,5,0,0.0,0
S00386,23,26396,mobile,organic,none,new,23,0,3,0,0.0,0
S00387,24,50188,mobile,organic,none,growth,16,0,1,1,0.0,0
S00388,27,,desktop,organic,none,vip,13,0,3,1,0.0,0
S00389,23,66802,desktop,referral,,new,19,0,6,0,851.9,1
S00390,30,53193,mobile,email,search,vip,14,0,5,2,0.0,0
S00391,30,54148,desktop,referral,none,vip,23,1,5,0,0.0,0
S00392,40,32976,desktop,organic,none,new,18,0,3,0,0.0,0
S00393,50,33032,mobile,organic,none,growth,22,0,4,1,0.0,0
S00394,32,81319,desktop,ads,vip_offer,new,23,0,1,0,0.0,0
S00395,52,22000,mobile,ads,brand,new,15,0,3,0,0.0,0
S00396,38,55524,tablet,referral,none,vip,11,1,6,0,1252.85,1
S00397,33,24011,desktop,organic,none,vip,12,0,4,0,0.0,0
S00398,40,66942,desktop,organic,none,growth,12,1,5,0,0.0,0
S00399,26,22000,mobile,referral,none,growth,10,0,2,1,0.0,0
S00400,62,37043,mobile,referral,none,growth,17,1,4,1,0.0,0
S00401,28,38849,mobile,referral,none,growth,14,1,6,1,0.0,0
S00402,42,89435,mobile,ads,summer_sale,growth,17,1,4,0,0.0,0
S00403,23,59427,mobile,organic,none,new,15,0,2,0,0.0,0
S00404,53,46739,desktop,referral,none,new,9,0,4,2,0.0,0
S00405,51,51397,tablet,referral,none,new,13,0,5,1,1268.19,1
S00406,27,41006,mobile,organic,none,new,12,0,2,0,827.58,1
S00407,42,78958,mobile,organic,none,new,9,0,1,0,0.0,0
S00408,30,33309,desktop,organic,none,growth,21,0,4,0,0.0,0
S00409,49,55940,desktop,organic,none,,10,0,2,1,0.0,0
S00410,27,52833,desktop,organic,none,growth,18,0,7,2,1194.65,1
S00411,46,51727,mobile,organic,none,new,18,0,4,0,0.0,0
S00412,43,56266,desktop,ads,summer_sale,growth,20,1,4,0,0.0,0
S00413,44,52529,desktop,organic,none,new,10,1,6,0,0.0,0
S00414,33,50213,desktop,email,search,growth,13,0,6,0,0.0,0
S00415,31,59063,desktop,email,brand,growth,16,1,4,1,0.0,0
S00416,44,47906,tablet,ads,search,vip,23,0,6,0,0.0,0
S00417,36,39287,mobile,referral,none,,19,0,1,0,0.0,0
S00418,36,24844,desktop,ads,summer_sale,growth,17,1,5,0,0.0,0
S00419,63,67979,mobile,organic,none,growth,13,0,2,1,0.0,0
S00420,31,31199,mobile,organic,none,new,21,0,4,0,0.0,0
S00421,34,61565,mobile,organic,none,new,8,0,2,0,0.0,0
S00422,38,67198,mobile,organic,none,new,21,1,1,0,0.0,0
S00423,28,81187,desktop,referral,none,growth,11,0,3,2,0.0,0
S00424,49,62878,desktop,ads,summer_sale,new,11,0,1,0,0.0,0
S00425,46,73433,desktop,ads,vip_offer,new,10,0,3,0,0.0,0
S00426,44,57771,mobile,email,brand,growth,17,0,3,0,0.0,0
S00427,34,46383,mobile,email,search,growth,14,1,4,1,0.0,0
S00428,19,60994,mobile,,brand,,15,0,2,0,0.0,0
S00429,37,42606,mobile,organic,none,vip,19,0,5,1,0.0,0
S00430,37,50025,desktop,organic,none,growth,11,0,4,0,0.0,0
S00431,46,79406,mobile,ads,vip_offer,growth,19,0,7,1,0.0,0
S00432,22,50761,mobile,referral,none,growth,10,0,1,0,0.0,0
S00433,49,28573,desktop,referral,none,growth,14,0,4,1,0.0,0
S00434,45,61832,mobile,organic,none,new,18,0,1,0,0.0,0
S00435,38,63862,desktop,referral,none,vip,11,0,3,0,0.0,0
S00436,40,74817,,email,search,growth,16,0,3,0,0.0,0
S00437,53,60582,desktop,ads,summer_sale,new,22,1,2,0,0.0,0
S00438,,68739,mobile,email,brand,new,19,0,1,0,0.0,0
S00439,43,35233,desktop,email,,vip,14,1,3,1,0.0,0
S00440,31,32665,mobile,ads,brand,vip,17,0,4,0,0.0,0
S00441,47,45268,tablet,email,search,new,14,0,3,0,0.0,0
S00442,46,50905,desktop,organic,none,new,18,1,5,0,0.0,0
S00443,28,27126,mobile,ads,vip_offer,vip,21,0,3,0,0.0,0
S00444,21,45732,mobile,referral,none,vip,23,0,5,1,0.0,0
S00445,30,42972,mobile,organic,none,new,9,0,1,1,0.0,0
S00446,44,22000,mobile,ads,summer_sale,new,17,0,3,0,0.0,0
S00447,29,40749,desktop,organic,none,growth,11,0,1,0,1223.61,1
S00448,36,68285,mobile,referral,none,new,11,1,3,0,0.0,0
S00449,39,73674,tablet,ads,brand,new,19,0,6,1,0.0,0
S00450,37,69900,tablet,email,search,new,11,0,4,0,0.0,0
S00451,,35413,mobile,organic,none,growth,20,0,4,0,637.93,1
S00452,40,56684,mobile,ads,brand,new,9,0,2,0,0.0,0
S00453,18,52044,desktop,organic,none,new,9,1,2,0,0.0,0
S00454,56,53379,mobile,ads,vip_offer,growth,12,1,5,0,0.0,0
S00455,40,52095,mobile,organic,none,new,23,0,5,0,0.0,0
S00456,36,48533,mobile,email,,growth,17,0,6,1,0.0,0
S00457,49,70809,mobile,organic,none,new,20,1,1,0,0.0,0
S00458,29,47260,mobile,ads,search,vip,19,0,2,0,0.0,0
S00459,37,43600,mobile,organic,none,growth,16,0,1,0,0.0,0
S00460,40,50808,tablet,email,search,new,21,0,1,0,0.0,0
S00461,60,61717,mobile,ads,search,growth,17,0,1,0,1299.49,1
S00462,42,55660,tablet,organic,none,growth,13,0,5,0,0.0,0
S00463,33,46449,mobile,ads,summer_sale,new,8,0,1,1,0.0,0
S00464,38,65750,mobile,referral,none,growth,18,0,3,0,0.0,0
S00465,33,59241,mobile,referral,none,growth,12,0,6,0,0.0,0
S00466,44,77657,tablet,organic,none,growth,9,1,4,0,0.0,0
S00467,46,44642,desktop,referral,none,new,20,0,3,0,0.0,0
S00468,41,,mobile,organic,none,new,15,0,2,1,0.0,0
S00469,33,25843,tablet,referral,none,growth,23,0,2,0,0.0,0
S00470,18,37495,desktop,referral,none,new,11,0,1,1,0.0,0
S00471,31,,mobile,organic,none,new,19,1,4,0,0.0,0
S00472,33,57275,mobile,ads,search,growth,9,0,7,1,0.0,0
S00473,31,22000,tablet,ads,vip_offer,growth,13,1,4,0,0.0,0
S00474,27,37540,desktop,ads,summer_sale,vip,20,0,5,1,0.0,0
S00475,40,61969,desktop,referral,,new,11,0,4,0,0.0,0
S00476,35,77885,desktop,email,vip_offer,growth,20,0,3,1,0.0,0
S00477,31,40299,desktop,organic,none,new,10,0,1,0,0.0,0
S00478,19,80037,mobile,ads,search,new,13,0,3,0,0.0,0
S00479,37,43026,desktop,email,,vip,13,1,5,0,1409.78,1
S00480,47,49310,mobile,organic,none,new,8,0,8,0,0.0,0
S00481,42,35094,desktop,referral,none,new,9,0,2,0,0.0,0
S00482,42,58220,mobile,email,brand,new,10,1,1,1,0.0,0
S00483,18,42903,tablet,organic,none,,15,0,4,2,1027.36,1
S00484,28,69222,mobile,email,summer_sale,new,17,0,3,0,0.0,0
S00485,45,46101,mobile,referral,none,vip,20,0,5,0,0.0,0
S00486,36,48404,desktop,referral,none,new,19,1,2,0,0.0,0
S00487,,46039,mobile,ads,search,new,15,1,3,0,0.0,0
S00488,38,41275,mobile,ads,search,new,14,1,1,0,0.0,0
S00489,22,47664,desktop,email,summer_sale,growth,15,0,3,0,0.0,0
S00490,39,52928,mobile,,summer_sale,new,20,0,2,0,0.0,0
S00491,43,62413,desktop,organic,none,new,21,0,5,2,1461.12,1
S00492,37,44002,mobile,email,summer_sale,new,19,1,7,0,0.0,0
S00493,36,25595,mobile,organic,none,growth,12,0,4,0,0.0,0
S00494,41,53386,mobile,referral,none,new,18,0,3,0,0.0,0
S00495,35,62559,desktop,referral,none,new,23,0,4,0,0.0,0
S00496,37,55719,tablet,email,brand,new,14,0,5,1,0.0,0
S00497,39,48759,desktop,ads,summer_sale,new,18,0,2,0,0.0,0
S00498,36,42566,mobile,referral,none,growth,19,0,3,1,0.0,0
S00499,49,86946,desktop,organic,none,new,14,0,6,2,0.0,0
S00500,32,45446,mobile,organic,,growth,8,0,3,2,0.0,0
S00501,61,32144,desktop,organic,none,growth,14,0,5,1,0.0,0
S00502,32,29965,mobile,ads,vip_offer,new,9,0,5,2,0.0,0
S00503,33,87264,mobile,ads,vip_offer,vip,17,0,4,1,0.0,0
S00504,22,37598,desktop,email,search,new,14,1,3,0,0.0,0
S00505,43,66230,mobile,organic,none,growth,17,0,7,2,0.0,0
S00506,20,47144,desktop,organic,,new,8,0,7,0,0.0,0
S00507,37,57824,desktop,email,search,new,12,0,1,0,0.0,0
S00508,38,52721,mobile,ads,vip_offer,vip,21,0,5,2,0.0,0
S00509,34,59183,mobile,ads,summer_sale,new,19,1,8,0,0.0,0
S00510,30,83476,mobile,ads,vip_offer,vip,19,1,6,2,0.0,0
S00511,21,66403,desktop,ads,brand,new,12,0,4,0,0.0,0
S00512,44,43632,mobile,,,new,15,0,1,0,0.0,0
S00513,30,22000,tablet,ads,search,new,12,0,1,1,0.0,0
S00514,61,59677,mobile,referral,none,growth,10,0,3,1,1195.9,1
S00515,46,45581,desktop,organic,none,growth,8,0,6,1,1636.04,1
S00516,20,51667,mobile,ads,vip_offer,vip,20,1,6,0,0.0,0
S00517,40,41470,mobile,ads,brand,new,21,0,1,1,775.07,1
S00518,48,65960,tablet,organic,none,growth,23,0,4,2,0.0,0
S00519,34,44209,mobile,referral,none,new,12,0,4,0,469.41,1
S00520,39,78595,mobile,referral,none,vip,18,0,6,0,0.0,0
S00521,42,74480,tablet,ads,summer_sale,new,17,0,2,0,0.0,0
S00522,50,64252,mobile,email,summer_sale,vip,22,0,6,0,0.0,0
S00523,39,40931,,organic,none,new,9,0,2,0,0.0,0
S00524,32,56144,mobile,organic,none,new,22,0,1,1,0.0,0
S00525,31,58885,mobile,organic,none,growth,23,0,7,1,0.0,0
S00526,52,56359,mobile,ads,search,new,12,0,2,0,0.0,0
S00527,40,52215,mobile,organic,none,new,13,1,2,0,0.0,0
S00528,31,47237,desktop,referral,none,growth,18,0,8,1,0.0,0
S00529,21,36796,mobile,referral,none,new,13,0,1,0,0.0,0
S00530,29,83174,mobile,organic,none,vip,21,0,4,0,0.0,0
S00531,46,26426,desktop,organic,none,new,11,1,6,0,465.43,1
S00532,24,47954,mobile,organic,none,new,22,0,3,1,0.0,0
S00533,52,40360,mobile,ads,summer_sale,growth,17,1,4,1,943.91,1
S00534,26,43636,desktop,organic,none,growth,20,1,5,1,941.42,1
S00535,24,,desktop,organic,none,new,13,1,3,0,0.0,0
S00536,40,51541,mobile,organic,,new,15,0,2,0,0.0,0
S00537,40,56994,mobile,email,search,vip,11,0,4,1,0.0,0
S00538,33,43291,,email,summer_sale,growth,22,1,3,2,1271.24,1
S00539,43,34471,mobile,referral,none,new,19,0,1,0,0.0,0
S00540,28,70562,mobile,referral,none,new,20,1,3,0,0.0,0
S00541,42,48648,mobile,organic,,new,18,0,1,0,0.0,0
S00542,22,50293,mobile,,none,growth,19,0,7,2,1816.14,1
S00543,38,74703,mobile,ads,,new,17,0,2,0,0.0,0
S00544,35,46431,mobile,ads,,new,18,0,3,3,0.0,0
S00545,33,46609,mobile,referral,none,growth,16,0,3,0,0.0,0
S00546,39,75413,mobile,ads,,growth,12,0,1,0,0.0,0
S00547,34,46528,desktop,ads,brand,new,17,0,2,0,0.0,0
S00548,48,74515,desktop,referral,none,growth,15,0,1,0,0.0,0
S00549,18,38859,desktop,referral,none,new,10,0,2,0,0.0,0
S00550,36,35226,desktop,referral,none,growth,11,1,8,1,0.0,0
S00551,45,33009,mobile,email,search,growth,15,0,2,0,0.0,0
S00552,37,42245,mobile,ads,search,new,21,0,5,1,0.0,0
S00553,29,45946,mobile,ads,,vip,20,0,8,0,0.0,0
S00554,45,,desktop,referral,none,vip,15,0,9,2,2499.83,1
S00555,32,68740,mobile,ads,brand,vip,23,0,5,0,0.0,0
S00556,20,60603,tablet,ads,search,new,19,0,4,1,889.77,1
S00557,43,68416,mobile,referral,none,vip,19,0,9,2,0.0,0
S00558,47,42605,desktop,email,brand,new,14,0,4,0,0.0,0
S00559,58,54157,mobile,referral,none,growth,17,0,3,2,1298.4,1
S00560,43,52055,mobile,ads,search,vip,12,1,5,0,0.0,0
S00561,30,22000,mobile,ads,brand,new,17,0,5,0,0.0,0
S00562,29,91386,mobile,ads,brand,growth,21,0,1,0,0.0,0
S00563,33,25428,desktop,organic,none,,19,0,5,0,0.0,0
S00564,43,37857,mobile,ads,brand,growth,11,0,5,0,0.0,0
S00565,40,22000,mobile,email,summer_sale,growth,12,0,2,0,0.0,0
S00566,36,60417,mobile,organic,none,new,11,0,2,0,0.0,0
S00567,36,61858,desktop,ads,search,growth,14,0,4,1,0.0,0
S00568,34,60906,mobile,organic,none,new,22,0,7,1,0.0,0
S00569,21,76275,mobile,referral,none,new,12,0,4,0,0.0,0
S00570,18,33043,desktop,organic,none,new,18,0,1,0,0.0,0
S00571,29,46167,desktop,email,search,growth,11,1,5,1,0.0,0
S00572,34,48766,mobile,ads,search,new,12,1,2,0,0.0,0
S00573,33,97112,mobile,ads,summer_sale,new,8,0,4,0,0.0,0
S00574,41,33251,mobile,email,vip_offer,vip,10,0,2,0,0.0,0
S00575,21,89886,mobile,referral,none,new,13,1,1,1,0.0,0
S00576,42,45023,mobile,organic,none,new,18,1,4,0,0.0,0
S00577,38,25671,desktop,organic,none,new,21,0,1,0,0.0,0
S00578,29,36499,mobile,email,summer_sale,vip,8,1,8,1,0.0,0
S00579,38,22000,tablet,organic,none,new,21,1,5,3,0.0,0
S00580,36,58160,mobile,organic,none,new,18,0,2,0,0.0,0
S00581,29,50431,tablet,ads,vip_offer,growth,19,1,2,0,0.0,0
S00582,30,41892,mobile,ads,vip_offer,vip,15,0,4,0,1356.46,1
S00583,34,,mobile,email,search,new,20,0,4,1,0.0,0
S00584,28,34581,mobile,referral,none,new,8,0,6,0,0.0,0
S00585,33,25342,desktop,email,vip_offer,new,16,0,1,0,0.0,0
S00586,47,47444,mobile,,brand,new,8,0,3,0,0.0,0
S00587,27,34520,mobile,organic,none,new,18,1,2,0,0.0,0
S00588,38,45519,mobile,organic,none,new,15,0,2,0,0.0,0
S00589,33,57855,mobile,organic,none,new,18,0,4,1,742.68,1
S00590,35,56356,mobile,ads,brand,new,8,0,3,0,0.0,0
S00591,44,95640,tablet,organic,none,vip,21,0,4,1,0.0,0
S00592,27,80383,tablet,ads,summer_sale,new,11,0,1,0,0.0,0
S00593,44,22000,mobile,organic,none,growth,21,0,2,0,0.0,0
S00594,18,53354,mobile,ads,summer_sale,new,13,0,3,0,0.0,0
S00595,48,86004,mobile,organic,none,growth,17,0,2,0,0.0,0
S00596,,57825,mobile,email,summer_sale,new,23,0,3,0,0.0,0
S00597,20,49498,desktop,ads,search,new,9,0,1,0,0.0,0
S00598,34,33034,mobile,email,vip_offer,new,19,0,4,0,0.0,0
S00599,41,61211,desktop,ads,summer_sale,vip,14,0,9,0,0.0,0
S00600,49,37921,tablet,ads,summer_sale,vip,23,0,9,0,0.0,0
S00601,18,23888,desktop,ads,brand,growth,9,0,5,0,0.0,0
S00602,18,33152,mobile,ads,vip_offer,new,23,1,3,1,653.72,1
S00603,26,68285,desktop,organic,none,growth,13,1,6,0,0.0,0
S00604,18,76380,mobile,organic,none,new,21,0,1,0,0.0,0
S00605,25,53260,mobile,ads,search,growth,21,0,4,1,0.0,0
S00606,28,58589,mobile,referral,,new,18,0,7,2,0.0,0
S00607,39,,tablet,email,vip_offer,new,15,0,4,0,0.0,0
S00608,44,60415,mobile,referral,none,new,16,1,4,0,0.0,0
S00609,31,24002,mobile,referral,none,growth,12,0,2,0,0.0,0
S00610,30,75147,mobile,organic,none,new,21,0,2,0,0.0,0
S00611,31,49513,mobile,email,vip_offer,new,15,0,2,0,0.0,0
S00612,36,67723,mobile,referral,none,growth,15,0,6,1,0.0,0
S00613,25,44032,mobile,email,summer_sale,new,22,0,1,0,0.0,0
S00614,34,63800,mobile,email,search,new,23,0,7,0,0.0,0
S00615,28,40516,desktop,ads,search,growth,14,1,6,0,0.0,0
S00616,33,53210,mobile,ads,brand,,8,0,3,1,763.43,1
S00617,26,43550,mobile,referral,none,new,20,1,7,1,0.0,0
S00618,29,38035,desktop,email,vip_offer,growth,23,0,5,1,1178.93,1
S00619,31,38217,mobile,ads,brand,growth,20,1,3,0,0.0,0
S00620,26,64351,mobile,referral,none,growth,21,0,2,1,0.0,0
S00621,,81756,tablet,ads,brand,new,14,0,3,0,0.0,0
S00622,40,47915,mobile,organic,,new,23,1,1,0,0.0,0
S00623,40,45600,desktop,email,brand,,21,1,5,0,911.59,1
S00624,41,39194,desktop,email,summer_sale,growth,19,0,6,0,902.79,1
S00625,39,72259,mobile,referral,none,growth,8,0,3,0,0.0,0
S00626,34,41602,mobile,ads,vip_offer,new,19,0,6,0,0.0,0
S00627,30,62183,mobile,organic,none,new,14,0,5,1,0.0,0
S00628,62,74695,mobile,organic,none,vip,21,0,4,0,0.0,0
S00629,37,38237,mobile,ads,summer_sale,new,13,0,1,0,0.0,0
S00630,37,61499,mobile,ads,search,growth,8,0,3,0,0.0,0
S00631,58,62328,mobile,email,brand,vip,11,0,6,2,0.0,0
S00632,18,29218,tablet,organic,none,growth,19,0,8,2,0.0,0
S00633,28,22000,mobile,organic,none,new,23,0,2,0,0.0,0
S00634,40,39044,mobile,,none,vip,20,0,6,1,1767.02,1
S00635,31,63512,mobile,ads,search,new,10,0,4,0,0.0,0
S00636,26,64966,,referral,none,new,11,0,1,0,0.0,0
S00637,46,69836,desktop,ads,brand,growth,22,0,5,0,0.0,0
S00638,37,53024,tablet,referral,none,new,22,0,2,0,0.0,0
S00639,36,66039,mobile,organic,none,new,17,0,3,0,0.0,0
S00640,28,37825,mobile,email,search,growth,15,1,8,0,744.08,1
S00641,19,49705,mobile,organic,none,new,20,0,4,0,0.0,0
S00642,33,22000,mobile,referral,none,new,23,0,3,0,0.0,0
S00643,,53768,mobile,referral,none,growth,16,0,1,0,0.0,0
S00644,20,30251,mobile,organic,none,vip,8,0,4,1,0.0,0
S00645,32,48844,mobile,email,vip_offer,new,19,0,3,0,0.0,0
S00646,25,32389,mobile,email,vip_offer,new,11,0,2,1,0.0,0
S00647,42,43478,desktop,organic,,growth,18,0,2,0,0.0,0
S00648,34,66690,desktop,referral,none,new,21,1,1,0,0.0,0
S00649,44,46640,mobile,organic,none,new,10,1,6,0,0.0,0
S00650,37,24001,mobile,ads,vip_offer,new,8,0,4,0,0.0,0
S00651,46,22000,tablet,ads,search,growth,10,0,7,0,0.0,0
S00652,39,38595,mobile,organic,none,growth,17,1,2,0,0.0,0
S00653,51,73140,desktop,organic,none,growth,13,0,3,1,0.0,0
S00654,31,45986,mobile,ads,brand,new,9,1,1,1,0.0,0
S00655,33,42761,desktop,ads,vip_offer,growth,20,0,4,0,0.0,0
S00656,55,59928,mobile,email,vip_offer,new,19,0,5,0,0.0,0
S00657,37,61883,desktop,referral,none,new,14,0,1,0,0.0,0
S00658,41,45402,mobile,ads,brand,growth,10,1,4,1,0.0,0
S00659,43,50171,mobile,referral,none,growth,10,1,5,1,0.0,0
S00660,42,32883,mobile,organic,none,growth,17,0,5,0,0.0,0
S00661,35,52153,desktop,organic,none,new,13,0,1,0,0.0,0
S00662,36,52474,mobile,email,search,growth,23,0,3,1,0.0,0
S00663,30,80857,mobile,referral,none,vip,14,0,6,0,0.0,0
S00664,40,59548,mobile,email,brand,,17,0,1,0,0.0,0
S00665,,58284,desktop,ads,brand,new,16,0,3,0,0.0,0
S00666,29,37665,mobile,ads,summer_sale,new,23,1,2,0,0.0,0
S00667,39,54227,mobile,organic,none,new,17,0,5,1,1313.21,1
S00668,36,38054,mobile,ads,brand,new,10,1,2,0,0.0,0
S00669,20,39669,mobile,referral,none,new,11,0,1,0,0.0,0
S00670,61,50754,desktop,organic,none,growth,17,0,2,0,0.0,0
S00671,23,22000,desktop,referral,none,new,16,0,1,0,0.0,0
S00672,34,22000,desktop,organic,none,new,20,0,3,1,0.0,0
S00673,46,58959,desktop,ads,summer_sale,new,8,0,2,0,0.0,0
S00674,32,69878,mobile,email,vip_offer,new,19,0,6,2,0.0,0
S00675,19,70049,desktop,ads,brand,growth,11,1,8,0,0.0,0
S00676,44,64869,mobile,referral,none,new,11,0,7,1,0.0,0
S00677,29,42437,mobile,ads,vip_offer,growth,12,0,2,2,0.0,0
S00678,52,,desktop,ads,brand,vip,11,1,6,1,1736.97,1
S00679,19,44507,desktop,ads,search,new,19,1,8,1,1420.14,1
S00680,30,37714,desktop,referral,none,new,14,0,1,1,0.0,0
S00681,34,,desktop,organic,none,vip,16,1,3,1,0.0,0
S00682,38,61103,mobile,referral,none,new,18,0,1,0,0.0,0
S00683,38,51168,mobile,organic,,vip,13,0,2,0,0.0,0
S00684,26,71315,tablet,ads,summer_sale,new,22,1,5,1,0.0,0
S00685,46,38846,mobile,referral,none,growth,12,0,1,0,563.89,1
S00686,33,60151,tablet,referral,none,growth,21,1,3,1,0.0,0
S00687,43,52030,desktop,organic,none,vip,10,0,4,0,0.0,0
S00688,38,63889,mobile,email,vip_offer,new,20,0,7,0,0.0,0
S00689,37,27909,mobile,organic,none,growth,22,0,6,0,0.0,0
S00690,24,65879,desktop,organic,none,new,11,0,6,0,0.0,0
S00691,40,54957,desktop,email,brand,growth,16,0,2,0,0.0,0
S00692,49,76909,desktop,organic,none,growth,20,0,6,0,0.0,0
S00693,43,49241,desktop,referral,none,growth,20,0,7,1,1393.39,1
S00694,41,75033,mobile,ads,brand,new,8,1,4,0,0.0,0
S00695,29,53242,desktop,email,vip_offer,growth,20,1,3,0,0.0,0
S00696,38,44676,desktop,organic,,new,23,0,3,0,0.0,0
S00697,29,57733,mobile,organic,none,new,13,0,5,0,0.0,0
S00698,26,48293,tablet,ads,vip_offer,vip,17,0,7,1,0.0,0
S00699,34,44485,mobile,ads,vip_offer,new,23,1,2,0,0.0,0
S00700,28,22000,desktop,ads,vip_offer,new,15,0,1,1,0.0,0
S00701,55,78636,mobile,organic,,growth,15,0,6,0,1071.09,1
S00702,28,31168,mobile,referral,none,new,16,0,6,0,0.0,0
S00703,24,58633,desktop,organic,none,growth,21,0,1,0,888.47,1
S00704,20,46580,desktop,ads,brand,growth,13,1,8,0,1189.23,1
S00705,41,64620,mobile,organic,,growth,16,0,5,1,0.0,0
S00706,45,44358,tablet,organic,none,new,20,0,4,0,0.0,0
S00707,40,50767,desktop,ads,summer_sale,new,13,1,2,1,0.0,0
S00708,18,73265,desktop,ads,brand,new,14,0,5,0,0.0,0
S00709,30,66596,mobile,referral,none,new,20,0,8,1,0.0,0
S00710,46,45533,desktop,organic,none,new,12,0,1,0,0.0,0
S00711,29,42220,tablet,referral,none,growth,9,0,8,1,0.0,0
S00712,42,57758,desktop,email,summer_sale,growth,13,0,4,0,0.0,0
S00713,39,76799,mobile,email,brand,new,11,1,4,0,0.0,0
S00714,36,52643,desktop,organic,none,growth,17,0,7,0,0.0,0
S00715,40,32970,desktop,organic,none,new,22,0,3,1,752.66,1
S00716,34,66435,desktop,ads,summer_sale,growth,20,1,7,1,0.0,0
S00717,19,53288,mobile,ads,,growth,9,0,7,1,1469.16,1
S00718,36,22000,mobile,ads,,growth,18,0,7,2,0.0,0
S00719,34,51617,desktop,referral,none,new,9,0,4,0,0.0,0
S00720,40,75282,tablet,email,search,growth,17,0,5,1,0.0,0
S00721,32,59740,desktop,ads,vip_offer,vip,16,1,5,0,1581.54,1
S00722,38,69733,desktop,organic,none,new,20,0,1,1,0.0,0
S00723,48,72709,mobile,organic,none,new,23,0,1,0,0.0,0
S00724,41,66768,mobile,ads,vip_offer,new,14,0,2,0,0.0,0
S00725,,53646,desktop,referral,none,growth,9,0,1,0,0.0,0
S00726,37,61839,mobile,email,brand,new,18,0,4,0,0.0,0
S00727,25,32505,desktop,referral,none,new,15,1,4,0,0.0,0
S00728,51,55435,desktop,email,brand,growth,13,0,6,0,0.0,0
S00729,37,85427,desktop,referral,none,vip,18,0,10,0,0.0,0
S00730,30,62293,mobile,email,,vip,8,0,6,1,0.0,0
S00731,34,80539,mobile,organic,none,new,14,1,1,0,713.6,1
S00732,22,78859,desktop,organic,none,new,22,1,2,1,0.0,0
S00733,46,78656,desktop,email,search,new,8,1,1,1,0.0,0
S00734,54,62327,desktop,ads,search,new,15,0,2,0,0.0,0
S00735,32,78260,desktop,ads,vip_offer,new,8,0,5,0,0.0,0
S00736,,36087,desktop,organic,,new,21,0,1,0,0.0,0
S00737,18,53483,mobile,referral,none,new,22,0,3,0,0.0,0
S00738,31,23767,mobile,organic,none,growth,18,0,5,0,0.0,0
S00739,,45827,desktop,organic,none,new,20,0,4,1,0.0,0
S00740,36,66843,mobile,organic,none,new,20,0,4,0,0.0,0
S00741,21,54117,mobile,ads,brand,vip,23,0,7,1,0.0,0
S00742,45,42574,desktop,ads,search,growth,23,0,5,0,0.0,0
S00743,27,54177,mobile,referral,none,growth,12,1,4,0,0.0,0
S00744,23,64975,mobile,organic,none,growth,22,0,2,0,0.0,0
S00745,38,46869,mobile,organic,none,new,23,0,4,0,0.0,0
S00746,,50201,desktop,organic,none,growth,15,1,4,0,0.0,0
S00747,45,61554,tablet,ads,search,growth,13,0,4,1,0.0,0
S00748,31,73374,mobile,ads,brand,new,18,0,6,2,0.0,0
S00749,40,47621,mobile,ads,summer_sale,growth,10,1,6,1,0.0,0
S00750,34,81687,mobile,ads,vip_offer,growth,8,0,7,0,0.0,0
S00751,,68578,mobile,organic,none,new,8,0,2,1,0.0,0
S00752,24,57171,tablet,referral,none,new,19,0,5,1,0.0,0
S00753,29,34449,mobile,ads,brand,new,11,1,4,0,0.0,0
S00754,31,22000,mobile,organic,none,new,14,1,1,0,0.0,0
S00755,23,53206,mobile,email,brand,vip,15,0,5,3,0.0,0
S00756,36,58864,desktop,ads,search,new,8,0,5,2,0.0,0
S00757,58,59894,mobile,ads,summer_sale,new,15,0,5,2,0.0,0
S00758,,22000,desktop,ads,,new,16,0,6,0,0.0,0
S00759,24,22362,desktop,organic,none,vip,23,1,4,2,0.0,0
S00760,19,40209,desktop,organic,none,vip,17,0,3,0,0.0,0
S00761,48,40190,mobile,organic,none,growth,9,0,9,1,0.0,0
S00762,22,68527,tablet,organic,none,growth,8,0,1,0,0.0,0
S00763,19,82236,mobile,referral,none,new,19,1,1,0,0.0,0
S00764,18,58495,tablet,referral,none,new,20,0,1,0,0.0,0
S00765,34,45924,mobile,ads,,vip,20,0,4,0,0.0,0
S00766,30,50084,desktop,email,brand,new,11,0,3,0,0.0,0
S00767,35,59909,mobile,email,summer_sale,growth,11,0,4,0,0.0,0
S00768,28,29523,mobile,organic,none,new,13,0,1,0,0.0,0
S00769,42,43355,mobile,ads,vip_offer,new,11,0,4,0,686.22,1
S00770,27,75031,desktop,ads,summer_sale,new,11,0,5,0,0.0,0
S00771,48,68009,mobile,organic,,new,10,0,4,0,0.0,0
S00772,41,57978,mobile,referral,none,growth,16,0,7,0,1087.32,1
S00773,34,51819,mobile,ads,vip_offer,growth,17,1,7,0,0.0,0
S00774,53,55359,mobile,organic,none,vip,10,0,4,0,1645.22,1
S00775,48,67251,mobile,ads,vip_offer,growth,19,0,4,0,0.0,0
S00776,43,72319,mobile,referral,none,new,8,0,1,0,0.0,0
S00777,30,64669,tablet,email,vip_offer,new,23,0,1,0,0.0,0
S00778,35,66225,mobile,organic,none,new,18,1,1,0,0.0,0
S00779,32,59617,desktop,ads,vip_offer,growth,19,0,3,0,0.0,0
S00780,40,22000,mobile,organic,none,new,15,0,2,0,0.0,0
S00781,18,82073,mobile,organic,none,vip,16,0,6,1,0.0,0
S00782,38,22000,mobile,ads,summer_sale,new,16,0,6,2,1279.53,1
S00783,28,45913,desktop,email,vip_offer,new,18,1,5,2,1716.78,1
S00784,38,71636,mobile,ads,search,new,11,0,2,0,0.0,0
S00785,,69724,mobile,referral,none,new,23,0,1,0,0.0,0
S00786,52,68014,desktop,ads,,new,14,0,2,0,0.0,0
S00787,40,51129,desktop,organic,none,new,21,1,3,0,723.0,1
S00788,43,25346,desktop,email,summer_sale,new,15,0,1,0,0.0,0
S00789,18,66279,mobile,organic,none,new,10,0,4,0,0.0,0
S00790,37,54821,mobile,referral,none,new,11,0,7,0,0.0,0
S00791,38,36454,mobile,ads,vip_offer,growth,9,0,5,0,0.0,0
S00792,45,52288,desktop,ads,search,new,8,0,6,0,0.0,0
S00793,27,71499,desktop,referral,none,growth,21,0,4,2,0.0,0
S00794,,52024,desktop,referral,none,new,12,0,2,0,0.0,0
S00795,44,38474,mobile,ads,brand,vip,11,0,7,1,0.0,0
S00796,39,66136,mobile,email,search,new,16,0,7,1,0.0,0
S00797,43,65525,mobile,referral,none,new,10,1,5,1,0.0,0
S00798,51,54703,mobile,organic,none,new,12,0,3,0,0.0,0
S00799,40,91228,mobile,referral,none,new,22,1,1,0,0.0,0
S00800,49,47157,desktop,referral,none,growth,16,1,5,0,0.0,0
S00801,39,51681,desktop,referral,none,new,12,0,4,0,0.0,0
S00802,30,48383,mobile,organic,none,vip,10,1,6,0,1304.34,1
S00803,41,93269,mobile,ads,vip_offer,new,15,0,3,0,0.0,0
S00804,42,67408,desktop,email,brand,growth,12,1,5,1,0.0,0
S00805,36,52360,tablet,referral,none,vip,23,0,5,0,0.0,0
S00806,26,30097,mobile,organic,none,growth,9,0,3,0,0.0,0
S00807,41,61576,desktop,ads,search,new,12,0,1,1,940.51,1
S00808,27,38803,desktop,organic,none,growth,23,0,1,0,0.0,0
S00809,18,62665,desktop,email,vip_offer,new,18,1,2,0,467.69,1
S00810,41,43131,desktop,email,brand,vip,13,0,5,0,0.0,0
S00811,21,70620,mobile,organic,,growth,14,0,1,0,0.0,0
S00812,30,67986,desktop,referral,none,new,21,1,5,1,0.0,0
S00813,28,49865,mobile,email,search,new,20,0,5,2,1481.32,1
S00814,,29699,desktop,email,search,vip,20,0,4,1,1216.4,1
S00815,18,22000,mobile,ads,summer_sale,new,17,0,5,0,0.0,0
S00816,36,37738,mobile,referral,,new,22,0,1,0,0.0,0
S00817,37,79870,desktop,ads,vip_offer,new,12,0,1,0,0.0,0
S00818,42,22864,mobile,ads,vip_offer,growth,23,1,4,0,0.0,0
S00819,32,55963,mobile,organic,none,new,19,0,3,0,0.0,0
S00820,40,58498,mobile,email,vip_offer,growth,18,0,5,0,0.0,0
S00821,19,61075,mobile,ads,brand,new,21,1,4,0,0.0,0
S00822,51,22000,desktop,email,summer_sale,new,11,1,3,1,0.0,0
S00823,27,29484,desktop,ads,summer_sale,growth,17,0,3,0,0.0,0
S00824,36,51450,desktop,ads,,growth,20,0,4,0,1303.09,1
S00825,39,79695,mobile,email,vip_offer,vip,15,1,7,1,0.0,0
S00826,36,83835,mobile,organic,none,new,11,0,7,2,1229.88,1
S00827,27,,mobile,ads,vip_offer,new,20,0,2,1,0.0,0
S00828,40,22000,mobile,organic,none,growth,16,0,5,1,0.0,0
S00829,,69050,desktop,referral,none,growth,14,0,7,0,1180.86,1
S00830,46,25891,mobile,organic,none,new,13,0,4,0,0.0,0
S00831,40,63209,mobile,ads,vip_offer,new,17,1,6,0,0.0,0
S00832,,88144,desktop,email,search,new,8,0,1,0,0.0,0
S00833,40,29481,desktop,referral,,,19,0,4,2,0.0,0
S00834,37,43036,mobile,ads,search,,10,0,3,0,0.0,0
S00835,41,62014,desktop,organic,none,new,18,1,2,0,0.0,0
S00836,,53337,tablet,organic,none,vip,21,1,2,1,0.0,0
S00837,34,22000,desktop,referral,none,new,13,0,4,0,0.0,0
S00838,37,49208,desktop,referral,none,growth,21,0,2,1,973.04,1
S00839,44,62089,desktop,ads,vip_offer,growth,18,1,5,1,0.0,0
S00840,34,22000,mobile,organic,none,new,22,1,4,0,0.0,0
S00841,32,26256,mobile,organic,none,growth,15,1,2,0,947.18,1
S00842,26,22000,mobile,organic,none,growth,12,1,3,1,0.0,0
S00843,32,86416,mobile,referral,none,growth,8,1,4,1,1394.28,1
S00844,49,60944,tablet,ads,brand,new,19,0,1,0,0.0,0
S00845,20,22000,mobile,ads,search,growth,9,0,4,0,0.0,0
S00846,49,67272,mobile,ads,brand,new,11,0,4,1,0.0,0
S00847,42,40879,desktop,organic,none,new,19,1,4,1,0.0,0
S00848,21,73498,mobile,organic,none,growth,8,0,3,0,0.0,0
S00849,18,41103,mobile,referral,none,new,20,0,1,0,0.0,0
S00850,22,65809,mobile,referral,none,growth,14,0,5,0,1099.77,1
S00851,,87415,mobile,referral,none,growth,19,0,3,0,0.0,0
S00852,28,22617,mobile,email,vip_offer,growth,11,0,2,0,0.0,0
S00853,31,64574,desktop,email,brand,new,14,1,4,1,0.0,0
S00854,52,32634,desktop,ads,vip_offer,new,14,0,4,1,0.0,0
S00855,47,,mobile,referral,none,new,20,0,7,0,0.0,0
S00856,31,38072,mobile,organic,none,growth,8,0,3,0,0.0,0
S00857,35,52715,desktop,ads,brand,new,19,0,5,2,1326.65,1
S00858,42,51771,desktop,ads,summer_sale,new,12,0,1,0,0.0,0
S00859,38,68589,mobile,referral,none,new,20,0,4,0,0.0,0
S00860,55,39320,mobile,email,,new,20,1,6,2,0.0,0
S00861,46,31422,mobile,ads,vip_offer,growth,23,0,5,0,0.0,0
S00862,19,41253,tablet,referral,none,new,15,0,2,0,0.0,0
S00863,25,25574,desktop,ads,search,new,10,1,4,2,0.0,0
S00864,37,28654,mobile,referral,none,new,22,0,2,0,0.0,0
S00865,35,69754,desktop,email,vip_offer,vip,14,0,3,0,0.0,0
S00866,26,22000,mobile,organic,none,new,21,1,5,0,0.0,0
S00867,38,43302,tablet,ads,summer_sale,vip,8,1,6,0,0.0,0
S00868,29,71082,desktop,ads,brand,growth,19,0,6,1,0.0,0
S00869,47,48027,mobile,organic,,growth,11,0,3,1,0.0,0
S00870,47,46795,mobile,ads,summer_sale,vip,21,0,7,0,0.0,0
S00871,30,86691,mobile,ads,summer_sale,growth,16,0,3,0,0.0,0
S00872,49,43937,desktop,ads,search,new,16,0,5,0,0.0,0
S00873,29,38393,desktop,ads,vip_offer,vip,23,1,4,0,0.0,0
S00874,33,99581,,organic,none,new,12,1,2,1,1587.64,1
S00875,46,66585,mobile,ads,,growth,15,1,6,1,1381.44,1
S00876,55,43320,mobile,ads,vip_offer,new,9,1,4,0,0.0,0
S00877,40,50791,mobile,email,vip_offer,new,13,0,1,0,0.0,0
S00878,19,53593,desktop,ads,vip_offer,new,15,1,1,0,0.0,0
S00879,30,23987,mobile,organic,none,new,11,0,3,0,0.0,0
S00880,35,52906,mobile,ads,brand,growth,13,0,2,1,1457.63,1
S00881,49,63548,tablet,ads,brand,growth,18,0,7,0,0.0,0
S00882,32,82620,desktop,email,brand,growth,15,0,2,0,0.0,0
S00883,26,33111,mobile,organic,none,growth,22,1,4,0,0.0,0
S00884,33,63396,tablet,organic,none,new,10,1,3,1,0.0,0
S00885,34,41795,desktop,organic,none,growth,23,1,7,1,1337.62,1
S00886,18,96635,mobile,organic,none,growth,9,0,5,0,0.0,0
S00887,41,57579,desktop,ads,brand,growth,12,0,6,0,0.0,0
S00888,44,63066,mobile,referral,none,vip,13,0,2,0,0.0,0
S00889,61,55832,desktop,organic,none,new,11,0,5,1,0.0,0
S00890,37,37339,mobile,ads,search,new,11,1,6,1,697.59,1
S00891,29,65583,mobile,ads,vip_offer,new,18,0,3,0,0.0,0
S00892,42,95759,mobile,email,,growth,11,0,5,0,1202.76,1
S00893,44,50950,mobile,ads,brand,new,19,0,2,0,0.0,0
S00894,21,67268,mobile,ads,brand,vip,12,0,4,0,0.0,0
S00895,43,43489,mobile,email,brand,vip,10,1,4,0,1426.89,1
S00896,35,63863,desktop,referral,none,vip,11,1,6,0,1807.45,1
S00897,36,40461,mobile,organic,none,growth,23,0,7,0,0.0,0
S00898,21,67465,mobile,email,,vip,13,1,4,1,0.0,0
S00899,59,,mobile,ads,vip_offer,new,15,0,4,0,0.0,0
S00900,19,60634,desktop,organic,none,new,19,0,3,2,1372.66,1
S00901,36,60347,mobile,email,vip_offer,growth,11,0,5,1,0.0,0
S00902,45,31363,desktop,referral,none,vip,11,1,4,0,0.0,0
S00903,27,28986,mobile,organic,none,,14,0,6,1,0.0,0
S00904,33,67676,tablet,organic,,growth,11,0,2,0,0.0,0
S00905,36,,mobile,organic,none,new,11,0,2,1,0.0,0
S00906,18,48225,mobile,ads,search,new,9,0,1,0,0.0,0
S00907,,67564,mobile,organic,none,new,9,1,6,0,751.08,1
S00908,38,36777,mobile,organic,none,vip,14,1,1,1,0.0,0
S00909,26,45844,mobile,ads,summer_sale,growth,8,0,8,0,0.0,0
S00910,39,62005,mobile,referral,,growth,22,0,4,1,1193.39,1
S00911,42,64441,desktop,organic,none,new,15,0,1,1,0.0,0
S00912,24,76343,mobile,ads,brand,new,20,0,5,2,0.0,0
S00913,18,87033,desktop,email,vip_offer,new,8,1,4,0,0.0,0
S00914,50,67313,mobile,organic,none,new,12,0,7,1,0.0,0
S00915,37,72883,mobile,organic,none,new,10,0,3,1,0.0,0
S00916,34,44000,desktop,ads,search,new,11,0,2,0,0.0,0
S00917,26,69432,desktop,organic,none,new,13,1,3,1,1508.33,1
S00918,41,24402,mobile,ads,summer_sale,new,16,1,4,0,0.0,0
S00919,39,79730,mobile,ads,summer_sale,new,22,0,2,1,0.0,0
S00920,40,59830,mobile,organic,none,new,19,0,2,0,0.0,0
S00921,23,70164,tablet,email,vip_offer,growth,20,0,7,2,0.0,0
S00922,32,66964,desktop,referral,none,growth,9,0,2,0,1080.98,1
S00923,21,41243,desktop,referral,none,growth,18,0,5,0,967.42,1
S00924,45,44240,desktop,email,search,growth,10,0,1,0,0.0,0
S00925,27,71822,desktop,ads,brand,growth,18,0,3,1,0.0,0
S00926,41,68456,tablet,referral,none,new,22,0,1,0,0.0,0
S00927,41,49911,tablet,organic,none,vip,10,0,9,1,0.0,0
S00928,51,45194,mobile,organic,none,vip,8,1,8,0,0.0,0
S00929,18,22000,desktop,organic,none,growth,22,1,3,0,1044.64,1
S00930,38,38001,mobile,referral,none,growth,13,0,3,0,0.0,0
S00931,36,28338,tablet,email,search,new,9,0,2,1,0.0,0
S00932,32,60207,mobile,referral,none,new,22,0,1,0,0.0,0
S00933,33,76165,mobile,ads,summer_sale,new,21,0,1,2,0.0,0
S00934,38,51548,tablet,email,vip_offer,growth,16,0,4,0,0.0,0
S00935,23,59960,mobile,organic,none,new,17,0,4,0,0.0,0
S00936,35,57184,mobile,organic,none,new,8,0,5,0,822.34,1
S00937,48,49288,mobile,ads,brand,new,18,0,5,0,0.0,0
S00938,39,49233,mobile,referral,none,growth,9,0,7,0,0.0,0
S00939,31,59993,desktop,email,vip_offer,growth,16,0,1,0,0.0,0
S00940,28,22000,mobile,organic,none,vip,9,0,3,0,993.25,1
S00941,33,57531,mobile,referral,,new,20,0,2,0,0.0,0
S00942,45,30307,mobile,ads,search,growth,16,0,2,0,0.0,0
S00943,28,60542,mobile,ads,summer_sale,growth,17,0,5,0,0.0,0
S00944,27,61376,desktop,organic,none,growth,20,1,4,0,0.0,0
S00945,36,57928,desktop,referral,none,new,13,0,4,0,0.0,0
S00946,41,55893,mobile,ads,,vip,10,0,5,0,0.0,0
S00947,24,55449,mobile,referral,none,vip,12,0,7,0,0.0,0
S00948,42,61302,desktop,organic,none,new,11,1,1,1,0.0,0
S00949,48,58808,tablet,organic,none,new,16,1,3,0,0.0,0
S00950,40,94453,mobile,referral,none,new,22,0,4,1,1410.81,1
S00951,34,41637,desktop,ads,brand,new,20,1,1,0,0.0,0
S00952,28,22000,desktop,organic,none,new,9,1,6,0,0.0,0
S00953,43,41740,desktop,ads,summer_sale,vip,18,1,7,0,1782.2,1
S00954,28,45324,mobile,email,brand,new,16,1,3,0,0.0,0
S00955,28,38560,desktop,ads,brand,growth,18,0,3,0,0.0,0
S00956,32,73115,desktop,ads,search,vip,18,0,8,0,1909.56,1
S00957,23,79599,mobile,ads,summer_sale,new,15,0,2,1,0.0,0
S00958,41,43626,mobile,email,summer_sale,vip,14,0,8,2,2264.67,1
S00959,19,31295,tablet,referral,none,growth,11,0,5,1,0.0,0
S00960,40,,mobile,organic,none,,12,0,4,1,0.0,0
S00961,30,58463,mobile,referral,none,,20,0,5,0,0.0,0
S00962,36,65116,mobile,ads,,growth,15,1,3,1,0.0,0
S00963,38,,mobile,organic,none,new,12,0,3,0,0.0,0
S00964,23,33355,tablet,referral,none,new,10,0,2,0,0.0,0
S00965,36,55807,mobile,organic,none,growth,19,0,6,0,0.0,0
S00966,33,22000,tablet,referral,none,new,18,1,1,1,690.73,1
S00967,24,56857,desktop,organic,none,new,16,0,4,1,0.0,0
S00968,35,61522,desktop,organic,none,,23,1,5,0,926.78,1
S00969,38,49818,desktop,ads,search,growth,18,0,6,2,0.0,0
S00970,32,71369,desktop,email,,,13,0,5,0,1264.86,1
S00971,35,61741,desktop,referral,none,new,11,0,1,0,0.0,0
S00972,,70038,desktop,ads,brand,growth,22,0,3,2,0.0,0
S00973,33,38078,desktop,referral,none,new,12,1,2,0,0.0,0
S00974,31,53549,desktop,ads,vip_offer,growth,12,1,4,0,0.0,0
S00975,44,42217,mobile,organic,none,new,19,0,2,0,0.0,0
S00976,33,50564,mobile,ads,vip_offer,growth,16,1,6,0,0.0,0
S00977,31,55633,mobile,organic,none,new,16,0,3,0,0.0,0
S00978,38,52289,tablet,email,summer_sale,new,9,0,2,0,0.0,0
S00979,20,55521,mobile,ads,vip_offer,vip,20,0,5,0,0.0,0
S00980,50,42040,tablet,email,summer_sale,growth,13,0,2,0,1244.33,1
S00981,51,22000,tablet,organic,none,growth,16,0,5,0,706.79,1
S00982,44,57150,desktop,referral,none,growth,15,0,4,0,0.0,0
S00983,33,62670,mobile,ads,brand,new,9,0,4,0,0.0,0
S00984,20,26823,tablet,organic,none,growth,15,1,3,2,0.0,0
S00985,27,71049,mobile,organic,none,new,16,0,2,0,0.0,0
S00986,,45647,desktop,,vip_offer,new,15,0,1,0,0.0,0
S00987,42,48331,mobile,ads,vip_offer,new,16,0,4,1,0.0,0
S00988,22,22243,desktop,,summer_sale,new,21,0,3,0,0.0,0
S00989,41,91215,mobile,email,vip_offer,growth,22,0,3,0,0.0,0
S00990,36,78791,desktop,referral,none,vip,12,0,4,1,0.0,0
S00991,41,52024,mobile,,none,new,13,0,3,0,0.0,0
S00992,39,57440,mobile,organic,none,new,10,1,5,0,0.0,0
S00993,27,57817,mobile,referral,none,growth,14,0,1,0,0.0,0
S00994,50,27628,desktop,email,vip_offer,new,23,0,5,0,0.0,0
S00995,40,37494,mobile,ads,brand,growth,11,0,4,0,0.0,0
S00996,18,22000,mobile,referral,none,new,12,0,1,0,0.0,0
S00997,39,22000,mobile,organic,none,new,9,0,5,0,0.0,0
S00998,38,57096,mobile,ads,summer_sale,growth,21,0,6,1,0.0,0
S00999,18,68209,desktop,ads,search,new,13,0,1,1,0.0,0
S01000,45,41011,desktop,email,brand,new,20,1,5,1,0.0,0
S01001,42,41330,desktop,organic,none,new,17,0,6,1,1280.8,1
S01002,51,59841,desktop,referral,none,new,12,0,1,0,0.0,0
S01003,47,66528,mobile,organic,none,growth,10,0,2,0,0.0,0
S01004,31,88432,desktop,organic,none,new,15,0,2,1,0.0,0
S01005,34,35034,mobile,referral,none,vip,16,0,6,0,0.0,0
S01006,26,70870,desktop,email,search,new,20,1,3,0,0.0,0
S01007,18,43300,desktop,email,brand,vip,17,0,6,2,0.0,0
S01008,30,61689,mobile,referral,none,vip,16,0,5,2,0.0,0
S01009,48,72810,desktop,ads,summer_sale,growth,22,0,4,1,1760.35,1
S01010,39,48962,desktop,organic,none,vip,16,0,6,0,0.0,0
S01011,53,68308,mobile,ads,brand,vip,8,0,4,0,0.0,0
S01012,33,62395,mobile,ads,summer_sale,vip,9,1,4,1,0.0,0
S01013,29,58985,mobile,organic,none,new,14,0,2,1,0.0,0
S01014,57,50381,mobile,ads,summer_sale,growth,19,0,2,0,0.0,0
S01015,34,68401,desktop,referral,none,new,15,0,3,1,0.0,0
S01016,29,22000,desktop,ads,search,new,12,0,1,0,0.0,0
S01017,41,81630,desktop,referral,none,new,9,0,2,0,0.0,0
S01018,29,29120,mobile,ads,search,vip,21,1,5,1,0.0,0
S01019,23,90617,mobile,organic,none,growth,17,0,2,1,0.0,0
S01020,33,56909,mobile,email,search,vip,18,0,3,1,0.0,0
S01021,,46556,mobile,referral,,new,17,1,7,0,0.0,0
S01022,39,26040,mobile,referral,none,new,19,0,2,0,0.0,0
S01023,43,66064,mobile,referral,none,growth,18,0,4,1,0.0,0
S01024,35,52083,mobile,ads,vip_offer,new,13,0,7,2,0.0,0
S01025,44,26537,mobile,organic,none,growth,14,0,3,0,0.0,0
S01026,37,32090,mobile,organic,none,growth,23,0,3,0,0.0,0
S01027,,39903,mobile,ads,summer_sale,growth,18,0,2,2,0.0,0
S01028,38,37991,mobile,ads,search,new,22,0,2,0,0.0,0
S01029,49,66668,tablet,ads,vip_offer,new,8,0,2,0,0.0,0
S01030,31,55127,desktop,referral,none,new,20,0,4,0,0.0,0
S01031,50,35633,desktop,organic,none,vip,18,0,11,2,2382.2,1
S01032,33,55980,mobile,organic,none,growth,15,1,2,0,0.0,0
S01033,34,73906,desktop,referral,none,growth,12,0,2,1,1193.91,1
S01034,40,58185,tablet,email,summer_sale,growth,22,0,3,0,0.0,0
S01035,31,35259,mobile,referral,none,new,8,0,6,1,0.0,0
S01036,32,59672,mobile,referral,none,new,20,1,1,0,0.0,0
S01037,33,73829,tablet,ads,search,new,17,0,2,0,0.0,0
S01038,,82915,mobile,referral,none,new,15,0,2,0,0.0,0
S01039,37,57695,desktop,email,brand,new,18,0,1,0,0.0,0
S01040,28,57598,mobile,ads,brand,new,14,1,4,0,0.0,0
S01041,,,desktop,referral,none,new,12,0,1,0,0.0,0
S01042,38,52237,mobile,organic,none,new,11,0,1,0,782.13,1
S01043,38,48343,mobile,organic,,new,13,1,3,1,0.0,0
S01044,23,75397,desktop,email,brand,growth,10,0,3,1,1212.22,1
S01045,43,84829,mobile,organic,none,new,16,0,2,0,0.0,0
S01046,43,38056,desktop,organic,none,new,10,0,3,0,0.0,0
S01047,38,60153,mobile,ads,summer_sale,growth,10,1,5,2,0.0,0
S01048,35,46240,tablet,email,vip_offer,new,9,1,1,0,0.0,0
S01049,37,48437,mobile,ads,vip_offer,new,23,1,1,0,0.0,0
S01050,29,63055,desktop,organic,none,,14,1,4,0,0.0,0
S01051,35,30689,desktop,organic,none,new,8,1,3,1,0.0,0
S01052,35,79978,mobile,organic,none,growth,13,1,2,0,0.0,0
S01053,30,22000,mobile,ads,brand,growth,12,0,6,1,900.22,1
S01054,53,40585,mobile,referral,none,growth,21,0,3,0,0.0,0
S01055,50,56529,mobile,ads,,growth,15,0,4,1,1212.62,1
S01056,35,30458,tablet,ads,brand,new,12,1,1,0,0.0,0
S01057,32,81901,desktop,referral,none,new,20,0,3,0,0.0,0
S01058,49,45583,mobile,email,summer_sale,growth,11,0,4,0,0.0,0
S01059,29,65550,desktop,organic,none,growth,11,0,4,0,0.0,0
S01060,45,76993,desktop,organic,none,growth,11,0,2,0,1116.36,1
S01061,,58358,mobile,ads,vip_offer,new,20,0,4,1,0.0,0
S01062,41,39561,desktop,ads,search,new,21,0,1,0,0.0,0
S01063,47,35228,desktop,ads,search,growth,21,1,5,1,1256.15,1
S01064,41,76703,desktop,ads,brand,new,12,0,1,0,0.0,0
S01065,32,49594,mobile,email,brand,new,11,0,1,0,0.0,0
S01066,36,59109,mobile,organic,none,vip,11,0,4,0,0.0,0
S01067,35,27183,desktop,ads,search,new,19,0,1,0,0.0,0
S01068,23,50944,tablet,organic,none,new,16,0,3,0,0.0,0
S01069,35,31537,tablet,ads,search,new,20,0,4,0,0.0,0
S01070,46,61779,desktop,referral,none,growth,11,0,4,0,0.0,0
S01071,55,48300,mobile,ads,summer_sale,growth,20,1,4,1,1374.01,1
S01072,44,38586,mobile,referral,none,new,14,1,3,0,0.0,0
S01073,55,22000,desktop,organic,none,vip,8,0,8,0,1277.9,1
S01074,45,34264,desktop,ads,search,vip,19,0,6,0,0.0,0
S01075,40,86049,desktop,organic,none,new,9,0,1,0,0.0,0
S01076,35,76413,tablet,organic,none,new,18,1,1,0,0.0,0
S01077,,37251,mobile,organic,none,new,13,0,2,0,0.0,0
S01078,35,67402,tablet,organic,none,new,18,0,3,1,0.0,0
S01079,46,74475,desktop,organic,none,new,15,0,5,0,0.0,0
S01080,28,37078,mobile,referral,none,growth,15,0,1,0,0.0,0
S01081,30,59173,mobile,organic,none,growth,22,0,4,2,1489.32,1
S01082,40,64216,mobile,referral,none,growth,11,1,5,0,0.0,0
S01083,33,49033,mobile,organic,,new,14,0,3,0,0.0,0
S01084,40,30013,mobile,email,summer_sale,new,13,0,3,0,0.0,0
S01085,20,70461,mobile,organic,none,new,9,0,2,0,0.0,0
S01086,34,69100,desktop,ads,search,new,14,1,6,1,0.0,0
S01087,34,43846,mobile,organic,none,new,8,0,3,0,0.0,0
S01088,59,47972,tablet,referral,none,new,22,0,5,0,0.0,0
S01089,18,46586,desktop,email,summer_sale,new,12,0,3,0,0.0,0
S01090,24,67988,desktop,ads,vip_offer,vip,18,1,5,0,0.0,0
S01091,36,56327,mobile,,none,new,11,1,1,0,0.0,0
S01092,29,22250,tablet,referral,none,growth,13,1,1,0,0.0,0
S01093,37,44445,desktop,organic,none,growth,8,1,1,0,0.0,0
S01094,39,49751,tablet,organic,none,vip,23,0,5,0,0.0,0
S01095,41,22000,desktop,ads,search,new,12,0,3,1,0.0,0
S01096,29,41026,mobile,referral,none,new,8,0,4,0,0.0,0
S01097,36,78098,desktop,referral,none,new,23,0,1,1,0.0,0
S01098,49,62406,desktop,email,,growth,21,0,4,0,0.0,0
S01099,46,36369,desktop,email,,new,14,0,5,2,0.0,0
S01100,25,63722,mobile,email,vip_offer,growth,11,0,5,1,0.0,0
S01101,34,82179,tablet,email,search,growth,8,0,5,0,0.0,0
S01102,46,37812,mobile,email,,new,16,1,6,1,0.0,0
S01103,33,63572,mobile,organic,none,,23,0,1,0,0.0,0
S01104,38,52256,mobile,email,,vip,19,0,5,0,0.0,0
S01105,34,78193,mobile,email,summer_sale,vip,9,1,4,2,0.0,0
S01106,44,65340,desktop,ads,vip_offer,growth,17,0,4,0,0.0,0
S01107,30,60833,tablet,organic,,new,19,0,1,1,0.0,0
S01108,36,58256,mobile,referral,none,new,23,0,5,0,0.0,0
S01109,38,34708,desktop,referral,,new,19,0,6,1,857.79,1
S01110,22,57976,mobile,referral,none,new,22,0,4,0,0.0,0
S01111,39,56606,desktop,referral,none,,21,1,2,0,0.0,0
S01112,36,57982,tablet,referral,none,growth,17,1,5,2,1496.53,1
S01113,35,49136,mobile,referral,none,new,23,1,3,0,0.0,0
S01114,37,39850,desktop,email,brand,growth,16,1,3,0,0.0,0
S01115,47,41904,desktop,ads,search,new,20,1,2,0,0.0,0
S01116,20,47449,mobile,organic,none,new,16,0,3,0,0.0,0
S01117,39,44169,mobile,ads,brand,new,14,0,6,0,0.0,0
S01118,32,69417,mobile,organic,,new,12,0,5,2,0.0,0
S01119,,64182,mobile,ads,summer_sale,growth,15,1,4,0,0.0,0
S01120,18,50909,desktop,email,search,new,12,1,3,1,0.0,0
S01121,58,38939,desktop,organic,none,new,16,0,3,0,0.0,0
S01122,36,52697,tablet,organic,none,new,10,0,5,0,0.0,0
S01123,38,64952,desktop,ads,search,new,18,1,3,0,0.0,0
S01124,46,55566,mobile,ads,summer_sale,vip,8,1,6,0,0.0,0
S01125,61,52325,mobile,ads,,new,10,0,1,0,0.0,0
S01126,18,49061,mobile,referral,,vip,18,0,6,2,1830.7,1
S01127,29,41835,mobile,organic,none,new,12,0,2,0,0.0,0
S01128,33,22000,mobile,organic,none,new,16,1,3,0,0.0,0
S01129,34,47929,desktop,referral,none,vip,22,0,5,1,0.0,0
S01130,61,47061,mobile,email,vip_offer,new,19,0,1,0,0.0,0
S01131,41,50498,mobile,organic,none,growth,19,1,4,0,0.0,0
S01132,25,64264,mobile,email,vip_offer,growth,17,0,5,0,0.0,0
S01133,23,48799,mobile,email,search,growth,17,0,5,0,0.0,0
S01134,36,41239,mobile,referral,none,new,20,0,3,0,0.0,0
S01135,44,50754,desktop,ads,vip_offer,new,17,0,3,0,0.0,0
S01136,37,,desktop,referral,none,vip,13,0,6,1,0.0,0
S01137,27,22222,mobile,ads,vip_offer,growth,20,0,6,2,935.63,1
S01138,42,62070,mobile,ads,search,new,23,1,7,0,0.0,0
S01139,52,96262,mobile,referral,none,vip,9,1,5,1,0.0,0
S01140,49,46328,mobile,organic,none,new,22,0,4,1,0.0,0
S01141,46,67993,tablet,ads,,vip,20,0,4,1,0.0,0
S01142,36,48135,desktop,organic,none,vip,9,0,3,0,0.0,0
S01143,40,35996,mobile,email,summer_sale,growth,20,0,5,0,0.0,0
S01144,29,93431,,email,search,vip,10,0,4,0,0.0,0
S01145,60,46165,desktop,referral,none,vip,13,0,6,1,2068.03,1
S01146,19,66862,mobile,ads,brand,vip,9,0,4,0,0.0,0
S01147,38,68752,mobile,organic,none,new,8,0,1,0,0.0,0
S01148,26,42347,tablet,organic,none,new,18,0,3,1,0.0,0
S01149,18,44421,mobile,email,summer_sale,new,22,0,4,0,0.0,0
S01150,30,54315,mobile,organic,,new,14,0,2,0,0.0,0
S01151,35,64874,tablet,organic,none,growth,22,0,5,1,0.0,0
S01152,31,35214,mobile,organic,none,growth,17,1,2,1,0.0,0
S01153,39,22000,mobile,referral,none,new,12,0,2,0,0.0,0
S01154,46,41266,mobile,referral,none,new,18,1,3,0,490.77,1
S01155,44,47720,desktop,organic,none,new,8,0,2,0,346.57,1
S01156,43,32689,desktop,ads,vip_offer,growth,16,0,4,0,0.0,0
S01157,42,54487,desktop,referral,none,new,11,1,1,1,1078.84,1
S01158,29,67062,desktop,ads,search,vip,13,0,6,0,0.0,0
S01159,26,64639,mobile,organic,none,new,10,0,6,0,0.0,0
S01160,24,65932,mobile,ads,search,,13,0,3,1,0.0,0
S01161,20,40615,desktop,organic,none,new,19,0,1,0,0.0,0
S01162,18,44572,desktop,ads,search,new,19,0,3,0,851.62,1
S01163,22,44464,,organic,none,growth,19,0,5,0,0.0,0
S01164,37,48901,mobile,ads,brand,growth,11,0,4,2,0.0,0
S01165,30,64554,desktop,organic,none,new,14,0,3,0,0.0,0
S01166,48,61104,desktop,email,brand,new,9,0,1,0,0.0,0
S01167,42,43546,mobile,ads,,growth,19,0,5,0,0.0,0
S01168,39,22503,mobile,email,vip_offer,,12,1,5,0,0.0,0
S01169,41,54214,mobile,ads,search,new,11,0,1,0,0.0,0
S01170,34,,desktop,organic,none,vip,16,0,6,1,0.0,0
S01171,32,48089,mobile,ads,,new,19,0,4,0,862.0,1
S01172,39,64332,desktop,organic,none,new,12,0,1,0,0.0,0
S01173,25,89590,desktop,organic,none,growth,8,0,2,0,0.0,0
S01174,32,36277,mobile,organic,none,new,18,0,2,0,0.0,0
S01175,29,49993,desktop,ads,search,growth,21,0,2,1,1201.06,1
S01176,35,44666,desktop,ads,search,new,13,1,4,1,948.31,1
S01177,36,54607,desktop,ads,search,new,16,0,2,2,0.0,0
S01178,33,33073,tablet,organic,none,new,10,0,6,2,0.0,0
S01179,38,61559,desktop,ads,vip_offer,vip,15,0,6,0,0.0,0
S01180,36,62991,mobile,ads,vip_offer,new,19,0,1,0,0.0,0
S01181,57,85090,desktop,referral,none,new,16,0,5,1,0.0,0
S01182,41,69294,mobile,organic,none,vip,9,0,4,0,0.0,0
S01183,18,57924,mobile,organic,none,new,10,1,1,0,0.0,0
S01184,36,70610,mobile,organic,none,growth,14,0,5,1,0.0,0
S01185,44,69459,mobile,referral,none,new,21,1,3,0,1174.57,1
S01186,40,67936,mobile,organic,none,growth,8,1,7,2,1753.31,1
S01187,42,44226,mobile,ads,search,growth,10,0,1,0,0.0,0
S01188,40,68898,mobile,referral,none,vip,10,0,1,0,0.0,0
S01189,49,71878,mobile,ads,search,new,20,0,5,0,902.12,1
S01190,38,69552,desktop,referral,none,new,20,0,4,0,0.0,0
S01191,18,54833,mobile,organic,none,growth,18,0,4,0,0.0,0
S01192,41,26371,desktop,email,brand,growth,23,1,8,0,0.0,0
S01193,38,49248,mobile,referral,none,new,20,0,7,1,0.0,0
S01194,18,58866,desktop,ads,brand,growth,10,0,2,1,0.0,0
S01195,30,22000,mobile,ads,vip_offer,new,17,0,2,1,0.0,0
S01196,44,53771,desktop,organic,none,new,8,1,2,0,0.0,0
S01197,33,32005,desktop,referral,none,new,9,0,2,0,0.0,0
S01198,50,52894,tablet,ads,summer_sale,new,11,0,1,0,0.0,0
S01199,25,47486,mobile,email,,growth,11,0,3,0,0.0,0
S01200,23,24094,desktop,organic,none,new,13,0,2,0,0.0,0
S01201,39,25707,tablet,email,summer_sale,new,22,0,3,2,0.0,0
S01202,24,44181,desktop,ads,brand,new,9,0,5,1,0.0,0
S01203,18,36466,desktop,ads,vip_offer,new,17,1,1,0,0.0,0
S01204,46,46657,mobile,ads,summer_sale,vip,22,0,6,1,1402.63,1
S01205,31,62234,desktop,ads,brand,growth,22,1,4,1,0.0,0
S01206,28,52133,tablet,organic,none,new,14,1,5,2,0.0,0
S01207,25,43537,,email,vip_offer,vip,12,1,6,0,0.0,0
S01208,34,73642,mobile,email,vip_offer,new,12,0,2,0,0.0,0
S01209,29,55517,tablet,organic,none,new,15,0,4,0,0.0,0
S01210,46,43535,mobile,ads,search,new,10,0,2,1,0.0,0
S01211,48,22940,desktop,organic,none,new,11,0,1,0,0.0,0
S01212,34,44831,desktop,referral,none,growth,17,1,2,0,0.0,0
S01213,25,53848,desktop,referral,none,growth,16,0,3,0,0.0,0
S01214,32,44180,mobile,organic,none,new,8,0,4,0,0.0,0
S01215,25,27937,desktop,ads,brand,new,17,0,4,2,0.0,0
S01216,40,58336,mobile,referral,,growth,13,1,4,1,0.0,0
S01217,34,62949,mobile,email,summer_sale,new,22,0,1,0,0.0,0
S01218,25,72699,mobile,organic,none,growth,10,1,2,0,0.0,0
S01219,42,71363,mobile,ads,summer_sale,new,16,0,4,2,0.0,0
S01220,24,45370,desktop,email,summer_sale,new,23,1,2,1,0.0,0
S01221,49,38810,mobile,ads,summer_sale,growth,14,0,3,0,0.0,0
S01222,39,50960,mobile,ads,search,new,13,0,1,0,0.0,0
S01223,43,91760,desktop,organic,none,new,8,0,2,0,0.0,0
S01224,35,78256,mobile,referral,none,new,17,1,4,1,1099.95,1
S01225,,55526,desktop,organic,none,new,22,1,4,0,0.0,0
S01226,30,63008,mobile,referral,none,growth,12,1,4,0,0.0,0
S01227,33,60607,tablet,ads,search,new,15,0,1,0,0.0,0
S01228,43,67118,desktop,organic,none,new,20,0,7,1,1341.05,1
S01229,18,66815,desktop,organic,none,new,14,0,1,1,0.0,0
S01230,19,38072,desktop,ads,summer_sale,new,13,1,5,1,1125.92,1
S01231,34,43765,mobile,referral,none,vip,17,0,4,0,0.0,0
S01232,27,35961,mobile,email,brand,,18,0,1,0,0.0,0
S01233,47,24443,desktop,organic,none,new,22,0,5,0,0.0,0
S01234,29,64801,mobile,email,search,growth,10,0,3,1,1021.57,1
S01235,28,43670,desktop,ads,search,new,16,1,2,0,0.0,0
S01236,39,37574,mobile,referral,none,new,20,0,1,0,0.0,0
S01237,26,45392,tablet,organic,none,new,13,1,6,0,0.0,0
S01238,35,68783,mobile,ads,search,vip,12,0,5,0,0.0,0
S01239,31,48416,mobile,ads,,new,22,0,5,1,0.0,0
S01240,24,74849,mobile,,none,new,13,0,5,1,0.0,0
S01241,34,58804,desktop,referral,none,new,20,0,5,0,0.0,0
S01242,32,49104,desktop,ads,search,growth,12,1,5,0,0.0,0
S01243,29,60773,mobile,email,brand,new,14,0,5,1,1154.73,1
S01244,43,67566,mobile,organic,none,new,19,0,1,0,0.0,0
S01245,40,60961,mobile,email,search,growth,20,1,1,0,0.0,0
S01246,61,29090,desktop,organic,none,new,16,1,2,0,0.0,0
S01247,33,25527,mobile,referral,none,growth,21,0,2,1,0.0,0
S01248,37,45338,desktop,ads,vip_offer,growth,18,0,7,1,1322.22,1
S01249,46,22000,mobile,organic,,new,23,0,1,1,0.0,0
S01250,35,34440,mobile,referral,,growth,16,0,4,0,0.0,0
S01251,30,32430,desktop,organic,none,growth,20,0,3,1,929.79,1
S01252,32,58380,mobile,organic,none,vip,22,0,4,0,0.0,0
S01253,40,65491,mobile,ads,search,new,22,0,3,0,0.0,0
S01254,40,58929,mobile,organic,none,new,23,1,7,0,0.0,0
S01255,36,46827,mobile,ads,brand,new,14,0,3,0,0.0,0
S01256,20,44595,mobile,email,search,growth,16,1,4,1,0.0,0
S01257,50,74868,mobile,organic,none,growth,8,0,4,0,0.0,0
S01258,44,53409,desktop,email,vip_offer,growth,8,1,1,0,0.0,0
S01259,28,64614,mobile,email,vip_offer,growth,12,0,4,2,0.0,0
S01260,27,58607,mobile,email,vip_offer,growth,10,0,2,0,0.0,0
S01261,39,34788,tablet,ads,brand,new,15,0,4,1,0.0,0
S01262,31,51158,tablet,ads,summer_sale,new,20,0,1,0,0.0,0
S01263,28,49177,mobile,organic,none,new,17,0,4,0,0.0,0
S01264,46,69139,tablet,ads,search,new,13,0,2,1,0.0,0
S01265,24,48151,mobile,organic,none,new,22,0,5,1,0.0,0
S01266,26,50505,mobile,organic,none,new,17,0,6,0,0.0,0
S01267,34,81327,desktop,organic,none,new,20,0,1,0,0.0,0
S01268,30,48974,,referral,none,growth,20,1,4,0,0.0,0
S01269,31,22000,mobile,organic,none,new,12,0,1,1,0.0,0
S01270,42,45633,mobile,organic,none,new,21,1,4,0,0.0,0
S01271,18,66113,desktop,ads,search,new,9,0,1,0,0.0,0
S01272,37,66187,desktop,ads,summer_sale,new,14,0,4,0,0.0,0
S01273,37,59096,mobile,organic,none,growth,10,1,6,0,0.0,0
S01274,30,81541,mobile,organic,,new,21,1,2,0,0.0,0
S01275,32,53938,mobile,ads,vip_offer,new,14,1,4,1,0.0,0
S01276,35,23678,mobile,referral,none,new,19,1,1,0,0.0,0
S01277,23,50437,desktop,referral,none,new,22,1,1,0,0.0,0
S01278,30,63513,mobile,organic,none,new,11,0,1,0,0.0,0
S01279,39,58369,desktop,ads,brand,new,23,0,2,0,0.0,0
S01280,34,42859,mobile,referral,none,vip,14,1,6,0,0.0,0
S01281,37,80160,mobile,organic,none,new,20,1,6,2,0.0,0
S01282,39,44344,desktop,email,,new,9,0,6,0,0.0,0
S01283,34,61036,desktop,ads,brand,new,13,0,4,0,753.73,1
S01284,45,36450,mobile,ads,brand,growth,19,1,5,0,0.0,0
S01285,47,65545,mobile,email,brand,vip,18,0,7,1,0.0,0
S01286,52,52095,mobile,ads,brand,new,16,1,3,1,0.0,0
S01287,24,57666,desktop,organic,,new,8,0,2,0,0.0,0
S01288,31,74504,mobile,ads,brand,,10,0,5,0,0.0,0
S01289,45,61308,mobile,referral,none,growth,18,0,6,0,0.0,0
S01290,48,77602,mobile,ads,search,growth,14,0,2,2,0.0,0
S01291,41,63325,mobile,ads,summer_sale,new,20,0,5,1,1146.98,1
S01292,40,40405,mobile,organic,none,vip,12,0,6,2,0.0,0
S01293,44,41543,desktop,organic,none,growth,11,1,3,1,0.0,0
S01294,40,28733,mobile,ads,brand,new,21,0,3,0,0.0,0
S01295,52,29013,mobile,organic,none,growth,19,0,3,0,0.0,0
S01296,34,82405,mobile,ads,brand,growth,9,0,2,0,0.0,0
S01297,40,48010,mobile,organic,none,new,14,0,6,0,0.0,0
S01298,39,61977,tablet,referral,none,new,12,0,3,0,0.0,0
S01299,39,58166,mobile,organic,none,growth,15,0,7,1,0.0,0
S01300,36,44983,mobile,email,summer_sale,growth,10,0,6,2,0.0,0
S01301,28,65486,desktop,referral,none,vip,8,0,4,1,2394.89,1
S01302,32,30505,desktop,email,search,growth,20,1,1,0,0.0,0
S01303,30,40865,mobile,referral,none,new,10,1,5,0,0.0,0
S01304,45,61831,mobile,organic,none,new,20,0,2,0,0.0,0
S01305,36,44606,mobile,ads,brand,new,23,1,1,0,0.0,0
S01306,41,86591,mobile,ads,summer_sale,new,16,1,2,1,0.0,0
S01307,18,37914,desktop,email,,new,9,1,6,1,0.0,0
S01308,42,49010,mobile,organic,none,vip,11,0,6,0,0.0,0
S01309,49,30761,mobile,email,summer_sale,growth,11,0,2,1,0.0,0
S01310,54,27372,mobile,email,search,vip,10,1,6,0,0.0,0
S01311,36,44879,tablet,organic,none,growth,11,0,1,0,0.0,0
S01312,48,43731,mobile,referral,none,vip,13,0,7,1,1561.75,1
S01313,51,67146,mobile,organic,,growth,16,0,1,0,0.0,0
S01314,26,69620,desktop,referral,none,new,19,1,4,0,0.0,0
S01315,32,26918,mobile,organic,none,,8,0,5,0,0.0,0
S01316,18,49391,mobile,ads,search,new,22,1,3,0,0.0,0
S01317,36,64890,mobile,organic,none,,19,1,5,0,0.0,0
S01318,33,61273,mobile,email,brand,growth,17,0,4,0,0.0,0
S01319,38,35231,,organic,none,new,22,1,1,0,0.0,0
S01320,44,45352,mobile,email,summer_sale,growth,22,0,8,2,0.0,0
S01321,40,73399,desktop,ads,vip_offer,growth,17,0,6,1,0.0,0
S01322,36,30891,tablet,organic,none,vip,15,0,4,1,0.0,0
S01323,33,84908,desktop,email,brand,vip,19,0,5,1,1960.68,1
S01324,35,22000,mobile,organic,none,growth,20,0,3,0,0.0,0
S01325,41,59063,desktop,ads,vip_offer,growth,9,0,4,1,0.0,0
S01326,37,35679,mobile,ads,summer_sale,new,12,1,7,2,0.0,0
S01327,28,42544,mobile,organic,none,growth,8,0,5,1,0.0,0
S01328,24,49091,mobile,ads,vip_offer,growth,12,0,5,1,0.0,0
S01329,34,62092,mobile,ads,search,new,21,0,4,1,0.0,0
S01330,33,52459,mobile,ads,brand,new,9,0,1,0,810.33,1
S01331,44,31242,desktop,ads,search,growth,13,0,4,0,0.0,0
S01332,26,50470,tablet,organic,none,growth,12,0,3,0,0.0,0
S01333,52,45035,mobile,ads,summer_sale,growth,15,0,4,0,0.0,0
S01334,24,58367,tablet,referral,none,new,19,0,1,0,0.0,0
S01335,39,46110,desktop,ads,search,new,10,0,3,0,520.17,1
S01336,27,46044,mobile,referral,,growth,17,0,3,0,0.0,0
S01337,42,46952,desktop,referral,none,new,12,1,3,1,0.0,0
S01338,32,50968,desktop,referral,none,new,18,0,5,0,0.0,0
S01339,43,22146,mobile,organic,none,new,21,0,3,0,0.0,0
S01340,29,52302,mobile,organic,none,vip,20,0,10,0,0.0,0
S01341,31,22000,mobile,organic,none,new,8,1,1,0,0.0,0
S01342,23,52160,desktop,ads,vip_offer,vip,18,0,1,0,0.0,0
S01343,24,22000,mobile,referral,none,new,23,0,6,0,0.0,0
S01344,34,57834,mobile,referral,none,new,8,0,4,0,0.0,0
S01345,36,71505,desktop,ads,search,new,16,0,3,0,654.59,1
S01346,35,52749,mobile,ads,brand,growth,12,0,4,0,0.0,0
S01347,35,52324,mobile,organic,none,,13,1,1,0,0.0,0
S01348,29,29942,mobile,organic,none,vip,12,0,9,2,0.0,0
S01349,33,76914,desktop,ads,summer_sale,new,18,0,4,1,0.0,0
S01350,32,77014,mobile,ads,brand,new,19,0,4,0,0.0,0
S01351,30,40081,desktop,ads,search,vip,18,0,5,0,0.0,0
S01352,39,26506,mobile,organic,none,growth,14,0,5,1,0.0,0
S01353,38,27010,mobile,ads,summer_sale,new,23,1,1,0,0.0,0
S01354,26,61122,mobile,organic,none,new,15,1,1,0,0.0,0
S01355,29,45782,,referral,none,vip,21,0,5,0,0.0,0
S01356,38,41957,desktop,organic,none,growth,15,0,6,0,1093.45,1
S01357,39,32946,mobile,email,vip_offer,growth,23,0,4,0,0.0,0
S01358,34,52325,desktop,ads,vip_offer,new,23,0,2,0,683.13,1
S01359,35,47823,mobile,referral,none,new,23,1,5,0,0.0,0
S01360,30,30609,mobile,organic,none,growth,21,0,1,0,998.22,1
S01361,51,55116,mobile,email,search,growth,12,1,1,0,0.0,0
S01362,46,49902,mobile,referral,none,new,15,0,3,0,0.0,0
S01363,45,56925,desktop,ads,brand,new,9,0,1,0,0.0,0
S01364,46,23562,mobile,email,summer_sale,growth,11,0,4,0,0.0,0
S01365,32,85228,desktop,ads,vip_offer,new,23,0,4,0,0.0,0
S01366,26,52900,desktop,referral,none,growth,12,0,4,0,898.61,1
S01367,51,74924,mobile,referral,none,growth,14,1,7,1,1190.25,1
S01368,26,28122,mobile,organic,none,growth,8,1,3,0,0.0,0
S01369,47,60886,tablet,referral,none,growth,9,0,4,0,0.0,0
S01370,58,22000,mobile,ads,brand,growth,10,0,4,0,0.0,0
S01371,41,108139,desktop,ads,search,vip,14,0,5,0,0.0,0
S01372,34,51813,mobile,ads,summer_sale,vip,19,0,4,0,0.0,0
S01373,44,67683,desktop,ads,vip_offer,vip,21,0,7,1,0.0,0
S01374,27,28720,desktop,organic,none,new,20,1,3,0,0.0,0
S01375,29,45489,mobile,organic,none,new,18,0,2,0,0.0,0
S01376,36,36599,tablet,email,search,vip,17,0,5,0,0.0,0
S01377,29,66467,desktop,organic,none,new,11,1,2,1,1252.52,1
S01378,41,34005,desktop,email,summer_sale,growth,8,1,3,1,1065.63,1
S01379,24,66990,mobile,email,search,new,14,0,3,0,0.0,0
S01380,40,60632,desktop,organic,none,new,22,0,1,0,0.0,0
S01381,41,23393,mobile,email,,vip,19,1,3,1,0.0,0
S01382,18,38039,mobile,organic,none,growth,19,1,5,0,0.0,0
S01383,49,40349,tablet,organic,none,vip,23,0,9,3,0.0,0
S01384,33,72196,mobile,referral,none,growth,16,0,7,0,0.0,0
S01385,29,82329,mobile,referral,none,growth,16,0,6,1,0.0,0
S01386,52,80965,desktop,ads,summer_sale,growth,19,0,2,0,0.0,0
S01387,29,27360,desktop,ads,brand,new,13,1,4,2,0.0,0
S01388,39,48465,desktop,email,brand,new,15,0,4,0,0.0,0
S01389,26,22000,desktop,organic,none,growth,19,0,1,0,0.0,0
S01390,33,58210,mobile,ads,vip_offer,new,17,0,3,0,0.0,0
S01391,28,55735,mobile,ads,vip_offer,growth,10,0,5,1,0.0,0
S01392,27,77955,mobile,ads,summer_sale,growth,9,0,3,1,0.0,0
S01393,35,56292,mobile,organic,none,growth,12,1,6,0,0.0,0
S01394,46,58425,mobile,ads,summer_sale,growth,10,0,1,0,0.0,0
S01395,37,39070,mobile,ads,summer_sale,new,19,0,1,1,0.0,0
S01396,38,29119,mobile,referral,none,vip,13,0,6,0,0.0,0
S01397,48,42416,mobile,referral,none,new,10,1,3,1,1024.19,1
S01398,36,75288,mobile,organic,none,new,22,0,1,0,0.0,0
S01399,37,55982,desktop,ads,,new,9,0,2,0,0.0,0
S01400,41,93568,desktop,email,summer_sale,new,18,0,1,0,0.0,0
S01401,38,49997,desktop,ads,,growth,11,0,5,0,0.0,0
S01402,30,49006,mobile,ads,vip_offer,growth,13,0,4,0,0.0,0
S01403,38,49909,mobile,referral,none,growth,23,1,4,0,0.0,0
S01404,45,56461,mobile,referral,none,new,9,1,5,0,0.0,0
S01405,30,60457,mobile,ads,brand,new,10,0,5,0,0.0,0
S01406,40,59631,mobile,ads,search,new,11,0,2,0,0.0,0
S01407,25,22000,mobile,organic,none,new,14,0,2,0,0.0,0
S01408,36,37180,mobile,ads,summer_sale,new,20,1,4,0,0.0,0
S01409,45,43689,mobile,ads,brand,growth,21,0,2,0,0.0,0
S01410,33,52402,mobile,organic,none,vip,8,0,3,0,0.0,0
S01411,33,81890,desktop,email,summer_sale,new,13,0,2,1,1124.13,1
S01412,45,50220,mobile,ads,search,new,20,0,4,0,0.0,0
S01413,27,54116,desktop,organic,none,new,13,1,5,1,0.0,0
S01414,44,53921,mobile,ads,summer_sale,growth,18,0,4,1,0.0,0
S01415,27,61600,mobile,organic,none,new,10,0,4,0,0.0,0
S01416,30,61259,desktop,organic,none,new,23,0,4,0,0.0,0
S01417,36,72264,desktop,organic,none,growth,9,0,3,0,0.0,0
S01418,33,79443,mobile,organic,none,growth,11,0,2,0,0.0,0
S01419,28,57455,desktop,referral,none,new,10,0,5,0,0.0,0
S01420,18,64505,mobile,organic,none,new,16,0,6,1,0.0,0
S01421,40,28941,mobile,referral,none,growth,9,0,1,0,0.0,0
S01422,42,43169,mobile,organic,none,growth,14,0,3,0,0.0,0
S01423,46,44070,mobile,ads,vip_offer,new,15,0,6,2,0.0,0
S01424,33,58759,tablet,ads,brand,new,18,0,1,1,0.0,0
S01425,51,57323,mobile,email,summer_sale,new,17,0,1,1,0.0,0
S01426,53,59932,desktop,email,brand,new,18,0,5,0,0.0,0
S01427,55,69843,desktop,ads,vip_offer,new,20,0,3,0,1222.75,1
S01428,30,57138,mobile,organic,none,new,20,0,3,0,0.0,0
S01429,54,70323,desktop,ads,brand,new,13,0,5,1,0.0,0
S01430,35,34416,tablet,ads,vip_offer,new,21,1,2,0,0.0,0
S01431,42,63755,mobile,email,search,vip,19,0,3,0,0.0,0
S01432,31,66077,mobile,email,brand,new,9,0,5,2,0.0,0
S01433,44,35647,mobile,organic,none,new,16,0,1,0,0.0,0
S01434,42,59124,mobile,ads,search,,14,1,3,0,0.0,0
S01435,60,31416,tablet,referral,none,new,17,0,2,0,0.0,0
S01436,28,44674,desktop,email,vip_offer,new,8,0,3,0,0.0,0
S01437,25,33358,desktop,organic,none,vip,22,0,6,0,0.0,0
S01438,19,53773,desktop,email,vip_offer,new,10,0,3,0,0.0,0
S01439,28,86210,,ads,brand,growth,22,0,4,0,0.0,0
S01440,48,80970,desktop,organic,none,growth,23,0,4,1,1638.39,1
S01441,35,23334,mobile,organic,none,growth,12,0,2,1,1224.19,1
S01442,40,44721,mobile,ads,search,new,20,0,3,0,0.0,0
S01443,38,,mobile,organic,none,growth,14,0,5,0,0.0,0
S01444,33,52625,desktop,ads,search,vip,21,0,7,2,0.0,0
S01445,42,38899,mobile,organic,none,new,12,0,2,0,0.0,0
S01446,57,40600,desktop,ads,summer_sale,new,9,0,6,1,0.0,0
S01447,28,35030,mobile,organic,none,growth,20,1,1,0,0.0,0
S01448,32,56155,desktop,organic,none,new,10,0,3,0,538.57,1
S01449,30,49008,,referral,none,growth,19,0,6,2,0.0,0
S01450,34,81678,mobile,email,vip_offer,growth,21,0,2,1,0.0,0
S01451,32,47771,mobile,referral,none,new,16,0,5,1,684.52,1
S01452,24,24831,tablet,organic,none,growth,21,0,7,2,1175.77,1
S01453,57,24085,desktop,organic,none,new,14,1,6,2,0.0,0
S01454,29,76145,mobile,ads,summer_sale,vip,20,0,3,0,0.0,0
S01455,29,80291,desktop,organic,none,growth,9,1,9,2,1796.58,1
S01456,28,66641,desktop,email,brand,growth,11,0,3,0,0.0,0
S01457,35,29279,tablet,organic,none,new,9,1,6,1,0.0,0
S01458,31,38646,mobile,referral,none,growth,15,1,2,0,0.0,0
S01459,63,38571,mobile,organic,none,,11,0,2,0,0.0,0
S01460,50,29351,desktop,organic,none,new,16,0,3,1,581.89,1
S01461,42,31962,mobile,ads,summer_sale,growth,16,0,5,0,0.0,0
S01462,21,58595,desktop,ads,search,new,12,0,4,0,0.0,0
S01463,41,48251,mobile,ads,summer_sale,new,9,0,7,0,0.0,0
S01464,35,83347,desktop,ads,,new,19,1,4,0,0.0,0
S01465,45,33450,tablet,organic,none,new,20,1,3,0,0.0,0
S01466,,23016,mobile,organic,none,vip,15,0,5,1,1901.49,1
S01467,,70221,desktop,referral,none,new,10,1,2,0,0.0,0
S01468,41,22715,desktop,organic,none,vip,17,0,2,0,0.0,0
S01469,27,85475,mobile,ads,brand,new,18,1,1,1,0.0,0
S01470,25,70120,desktop,ads,summer_sale,growth,13,1,6,0,0.0,0
S01471,54,39726,mobile,email,search,new,21,0,5,0,0.0,0
S01472,30,53588,mobile,organic,none,new,23,0,1,0,0.0,0
S01473,50,58425,desktop,email,summer_sale,new,13,0,3,0,0.0,0
S01474,21,69589,mobile,organic,none,growth,17,1,2,0,0.0,0
S01475,29,65830,mobile,ads,vip_offer,new,18,0,6,0,0.0,0
S01476,32,42698,mobile,organic,,growth,16,0,2,0,0.0,0
S01477,18,60561,mobile,referral,none,new,20,0,1,0,0.0,0
S01478,25,67495,mobile,email,vip_offer,vip,20,0,6,0,0.0,0
S01479,40,22000,mobile,referral,none,vip,12,1,4,0,1703.39,1
S01480,33,22000,desktop,organic,none,vip,12,0,4,1,0.0,0
S01481,21,30402,desktop,email,brand,new,11,0,5,1,0.0,0
S01482,40,43784,desktop,referral,none,growth,18,0,3,0,0.0,0
S01483,31,75432,desktop,referral,none,,17,0,4,0,906.34,1
S01484,38,22000,mobile,organic,none,vip,15,0,6,0,0.0,0
S01485,40,71391,desktop,ads,vip_offer,growth,16,0,1,0,0.0,0
S01486,49,46653,mobile,organic,none,new,19,0,2,0,0.0,0
S01487,30,68195,desktop,organic,none,new,11,0,3,0,0.0,0
S01488,39,62839,desktop,referral,none,growth,22,0,5,1,0.0,0
S01489,36,35088,mobile,organic,none,new,18,1,1,0,0.0,0
S01490,38,44599,mobile,organic,none,growth,9,1,3,0,0.0,0
S01491,37,41586,mobile,referral,none,new,19,0,6,0,0.0,0
S01492,38,31880,mobile,email,vip_offer,growth,21,0,5,0,0.0,0
S01493,37,62417,desktop,email,vip_offer,new,23,0,4,0,0.0,0
S01494,38,22000,tablet,ads,,vip,14,0,8,2,0.0,0
S01495,19,68087,mobile,email,summer_sale,new,23,1,6,0,0.0,0
S01496,24,22000,desktop,ads,search,new,13,0,4,0,0.0,0
S01497,44,82032,mobile,ads,vip_offer,growth,20,1,3,0,0.0,0
S01498,18,44927,tablet,organic,none,new,22,0,6,1,0.0,0
S01499,32,77320,mobile,organic,none,new,20,0,5,1,0.0,0
S01500,18,41734,mobile,ads,summer_sale,new,20,1,1,0,0.0,0
S01501,38,50958,mobile,referral,none,growth,10,0,2,1,0.0,0
S01502,33,49549,desktop,referral,none,new,17,0,3,0,0.0,0
S01503,28,44594,tablet,referral,none,growth,23,0,2,0,0.0,0
S01504,54,67118,desktop,ads,vip_offer,new,12,0,3,1,1076.98,1
S01505,37,42500,mobile,organic,none,vip,8,0,3,2,0.0,0
S01506,35,41665,mobile,organic,none,new,18,1,1,0,0.0,0
S01507,35,36741,tablet,referral,none,new,15,0,1,0,0.0,0
S01508,31,85494,mobile,organic,,new,9,0,6,0,0.0,0
S01509,44,61929,mobile,ads,search,growth,18,0,1,1,0.0,0
S01510,40,85199,tablet,referral,none,new,15,1,2,0,0.0,0
S01511,34,35985,desktop,organic,none,vip,18,0,8,0,0.0,0
S01512,36,65812,mobile,organic,none,new,23,0,4,0,0.0,0
S01513,39,57772,mobile,email,brand,new,17,1,1,0,0.0,0
S01514,47,29387,desktop,referral,,growth,16,1,8,1,882.93,1
S01515,42,22000,desktop,organic,none,growth,22,1,3,0,0.0,0
S01516,27,66803,desktop,email,vip_offer,growth,22,0,4,0,0.0,0
S01517,,77627,mobile,ads,brand,new,15,0,2,1,0.0,0
S01518,18,32374,desktop,referral,none,new,19,0,4,0,0.0,0
S01519,45,69296,tablet,ads,brand,vip,18,0,5,0,0.0,0
S01520,19,87232,tablet,organic,none,new,15,1,1,0,0.0,0
S01521,52,34906,desktop,ads,summer_sale,growth,12,0,4,2,0.0,0
S01522,31,47566,desktop,organic,none,growth,13,1,2,0,904.95,1
S01523,21,56356,mobile,organic,none,new,15,0,4,2,0.0,0
S01524,47,67152,desktop,ads,summer_sale,vip,19,0,8,0,0.0,0
S01525,31,57335,mobile,referral,none,new,11,0,1,0,0.0,0
S01526,44,46077,tablet,ads,vip_offer,new,19,0,5,0,0.0,0
S01527,21,94669,mobile,ads,brand,new,16,1,1,2,1381.7,1
S01528,29,40753,desktop,ads,summer_sale,growth,12,0,4,1,0.0,0
S01529,30,69772,tablet,email,search,vip,11,0,6,0,1171.96,1
S01530,19,56016,mobile,organic,none,new,15,0,1,0,0.0,0
S01531,61,38114,tablet,referral,none,new,21,0,2,0,0.0,0
S01532,37,27523,desktop,organic,,new,20,1,3,0,0.0,0
S01533,,38590,mobile,ads,summer_sale,new,17,0,6,0,0.0,0
S01534,18,65301,desktop,email,summer_sale,growth,12,0,2,0,0.0,0
S01535,33,47450,mobile,organic,none,new,11,1,5,0,0.0,0
S01536,43,70475,mobile,ads,brand,growth,15,0,2,0,0.0,0
S01537,37,27151,desktop,email,summer_sale,new,23,1,5,0,0.0,0
S01538,40,49602,mobile,organic,none,new,9,0,4,0,0.0,0
S01539,18,54411,desktop,organic,none,growth,9,0,3,1,0.0,0
S01540,49,53889,tablet,referral,none,new,8,0,4,0,0.0,0
S01541,32,36757,mobile,referral,none,growth,11,1,4,1,0.0,0
S01542,59,54145,mobile,organic,none,new,22,0,1,0,0.0,0
S01543,51,57007,mobile,organic,none,growth,23,0,1,0,0.0,0
S01544,22,49507,desktop,organic,none,new,10,0,4,2,0.0,0
S01545,43,42484,desktop,referral,none,new,16,1,6,0,708.05,1
S01546,29,57382,tablet,organic,none,new,16,0,6,1,1133.81,1
S01547,53,53818,mobile,email,brand,new,17,0,2,0,0.0,0
S01548,47,22000,mobile,referral,none,growth,11,0,6,0,0.0,0
S01549,23,48484,mobile,ads,search,new,20,0,2,0,0.0,0
S01550,40,,mobile,ads,vip_offer,growth,18,1,4,0,0.0,0
S01551,31,,mobile,referral,none,vip,22,0,5,2,0.0,0
S01552,42,74731,desktop,email,vip_offer,new,16,0,1,0,0.0,0
S01553,25,50225,mobile,email,brand,new,23,1,4,0,0.0,0
S01554,40,76060,mobile,organic,none,new,9,0,4,0,0.0,0
S01555,36,79026,mobile,organic,none,growth,11,0,5,1,1656.42,1
S01556,29,75775,tablet,ads,search,,9,0,3,1,0.0,0
S01557,29,53870,mobile,referral,none,new,10,0,2,0,0.0,0
S01558,48,50770,desktop,organic,none,new,20,0,1,0,0.0,0
S01559,25,61393,mobile,ads,search,vip,9,0,5,0,0.0,0
S01560,38,44574,mobile,organic,none,growth,8,0,2,0,0.0,0
S01561,41,48883,desktop,referral,none,new,18,0,3,0,0.0,0
S01562,38,38709,desktop,ads,vip_offer,growth,20,0,7,2,0.0,0
S01563,,29662,tablet,referral,none,growth,15,0,1,0,0.0,0
S01564,39,57870,desktop,referral,none,new,18,1,1,0,0.0,0
S01565,46,,mobile,referral,none,growth,11,1,5,0,0.0,0
S01566,34,60200,desktop,referral,none,new,22,0,3,0,0.0,0
S01567,36,52877,mobile,referral,none,new,20,0,3,0,0.0,0
S01568,35,64690,desktop,,brand,new,22,0,4,1,1024.33,1
S01569,19,66571,mobile,email,search,growth,9,0,6,1,0.0,0
S01570,31,66486,mobile,organic,,new,17,1,3,0,0.0,0
S01571,29,37178,mobile,email,search,vip,22,1,6,1,0.0,0
S01572,36,85217,mobile,ads,brand,growth,21,1,7,0,0.0,0
S01573,42,36676,mobile,ads,brand,growth,17,0,3,0,0.0,0
S01574,18,26963,desktop,referral,none,new,13,0,6,1,0.0,0
S01575,55,43311,desktop,referral,none,new,23,0,6,0,0.0,0
S01576,54,63723,desktop,organic,none,growth,16,0,6,0,0.0,0
S01577,45,,mobile,organic,none,new,15,1,2,0,0.0,0
S01578,,42310,mobile,ads,brand,growth,22,0,5,0,0.0,0
S01579,38,45056,mobile,,none,vip,12,0,8,0,0.0,0
S01580,49,54504,desktop,ads,brand,growth,21,0,3,1,0.0,0
S01581,50,52204,desktop,ads,search,growth,17,0,2,1,0.0,0
S01582,45,32690,mobile,organic,none,growth,21,1,1,0,0.0,0
S01583,39,59456,mobile,referral,none,growth,20,1,5,0,0.0,0
S01584,42,39753,mobile,organic,none,growth,10,0,4,0,0.0,0
S01585,21,22000,mobile,email,vip_offer,new,20,1,4,0,0.0,0
S01586,32,61874,desktop,ads,,growth,16,1,6,1,0.0,0
S01587,35,76506,mobile,organic,none,new,10,1,2,0,0.0,0
S01588,44,57314,tablet,organic,none,growth,8,0,4,1,890.09,1
S01589,46,49961,desktop,organic,,growth,23,0,4,1,0.0,0
S01590,53,44098,mobile,organic,none,growth,10,0,1,0,0.0,0
S01591,18,44365,mobile,organic,none,growth,13,0,4,3,0.0,0
S01592,48,51165,mobile,ads,vip_offer,vip,13,1,7,0,1608.93,1
S01593,36,53061,mobile,ads,summer_sale,new,8,0,4,0,0.0,0
S01594,44,75050,desktop,organic,none,new,8,0,4,0,621.02,1
S01595,,63802,mobile,organic,none,new,18,0,3,0,0.0,0
S01596,39,70816,desktop,organic,none,vip,12,1,1,1,1573.14,1
S01597,42,52710,mobile,organic,none,vip,10,1,3,2,0.0,0
S01598,42,43661,tablet,email,summer_sale,new,8,0,4,3,0.0,0
S01599,39,67158,mobile,organic,none,new,15,0,5,0,1190.07,1
S01600,50,37964,tablet,email,brand,new,20,0,1,0,0.0,0
S01601,53,41530,mobile,organic,none,,20,0,4,1,1183.46,1
S01602,43,22000,mobile,referral,none,growth,17,1,4,1,0.0,0
S01603,51,60235,mobile,organic,none,new,23,0,4,0,0.0,0
S01604,35,71138,mobile,referral,none,growth,10,1,3,1,0.0,0
S01605,41,47252,mobile,ads,summer_sale,new,20,0,4,0,0.0,0
S01606,32,64836,tablet,referral,none,growth,23,0,3,0,0.0,0
S01607,40,42029,mobile,organic,none,growth,19,1,5,0,0.0,0
S01608,43,54238,mobile,ads,brand,growth,8,0,6,1,0.0,0
S01609,37,47671,mobile,email,vip_offer,new,21,0,1,0,0.0,0
S01610,18,51059,desktop,organic,none,vip,18,1,7,0,0.0,0
S01611,42,36442,desktop,email,,new,21,0,3,0,0.0,0
S01612,32,26908,desktop,email,vip_offer,new,20,0,4,0,0.0,0
S01613,41,78585,mobile,ads,brand,new,14,0,1,0,0.0,0
S01614,31,56947,mobile,ads,search,growth,18,1,2,0,0.0,0
S01615,31,82802,mobile,ads,vip_offer,new,19,0,2,0,1119.3,1
S01616,39,29659,desktop,referral,,new,13,0,1,0,0.0,0
S01617,27,51205,mobile,email,brand,vip,15,0,4,0,0.0,0
S01618,25,90136,desktop,ads,brand,vip,14,0,3,0,0.0,0
S01619,41,77099,mobile,ads,,new,15,0,4,0,0.0,0
S01620,18,67097,desktop,organic,none,new,9,0,5,0,807.4,1
S01621,27,39164,desktop,email,vip_offer,vip,20,0,8,0,0.0,0
S01622,42,45203,desktop,ads,summer_sale,new,13,0,2,0,0.0,0
S01623,37,36592,desktop,organic,none,growth,22,1,7,2,0.0,0
S01624,,46739,mobile,organic,none,new,18,0,3,0,0.0,0
S01625,46,46104,desktop,,brand,growth,18,0,2,0,0.0,0
S01626,38,34216,mobile,email,search,vip,10,0,6,0,0.0,0
S01627,57,49345,desktop,,search,growth,20,0,4,1,1229.72,1
S01628,45,47876,mobile,organic,none,vip,19,0,7,2,0.0,0
S01629,46,68824,mobile,organic,none,vip,16,0,2,0,1448.66,1
S01630,25,71586,mobile,email,brand,new,17,0,4,1,0.0,0
S01631,34,,mobile,referral,none,vip,9,0,6,0,0.0,0
S01632,37,35759,mobile,referral,none,new,10,0,1,0,0.0,0
S01633,30,27126,tablet,organic,none,vip,21,0,9,0,0.0,0
S01634,18,46716,mobile,organic,none,new,14,0,2,1,0.0,0
S01635,47,28621,desktop,organic,none,growth,22,0,6,1,0.0,0
S01636,45,27332,mobile,organic,none,new,9,0,3,1,0.0,0
S01637,26,42969,mobile,organic,none,new,12,1,3,0,0.0,0
S01638,31,51951,desktop,organic,none,growth,18,0,7,0,924.01,1
S01639,46,45379,mobile,email,brand,new,12,0,8,0,0.0,0
S01640,30,48887,desktop,email,brand,vip,11,0,5,0,0.0,0
S01641,38,22000,tablet,organic,none,growth,16,0,1,0,0.0,0
S01642,32,60334,desktop,ads,search,new,21,0,1,0,0.0,0
S01643,35,52150,tablet,email,summer_sale,new,14,0,3,0,0.0,0
S01644,29,45297,desktop,organic,,new,12,1,4,0,0.0,0
S01645,25,37396,mobile,referral,none,growth,15,1,6,1,0.0,0
S01646,39,58994,desktop,ads,search,new,14,1,4,0,779.07,1
S01647,47,27329,mobile,organic,none,new,8,0,4,0,0.0,0
S01648,25,30437,mobile,organic,none,new,17,0,3,0,0.0,0
S01649,23,48724,mobile,ads,,vip,16,0,7,0,0.0,0
S01650,29,,desktop,email,vip_offer,new,22,0,4,0,0.0,0
S01651,43,65912,,organic,none,new,21,1,2,1,0.0,0
S01652,19,61427,mobile,referral,none,new,15,1,1,0,0.0,0
S01653,40,44955,tablet,ads,search,growth,22,0,4,1,0.0,0
S01654,33,29132,mobile,email,brand,new,13,1,7,1,0.0,0
S01655,18,64396,mobile,ads,brand,new,21,0,1,1,0.0,0
S01656,29,98300,mobile,referral,none,vip,21,0,5,1,0.0,0
S01657,34,53000,desktop,email,vip_offer,new,16,1,1,0,0.0,0
S01658,29,57255,desktop,ads,search,growth,11,0,4,0,1057.87,1
S01659,30,57022,desktop,email,search,new,14,0,3,1,841.11,1
S01660,27,42763,desktop,organic,none,vip,19,1,3,0,0.0,0
S01661,32,44994,desktop,ads,vip_offer,new,19,1,5,1,0.0,0
S01662,33,76422,desktop,organic,none,growth,10,0,2,0,0.0,0
S01663,34,61801,desktop,ads,vip_offer,growth,12,0,2,0,1224.77,1
S01664,39,43393,tablet,referral,none,growth,17,1,3,1,0.0,0
S01665,51,69089,mobile,email,summer_sale,new,23,0,1,0,0.0,0
S01666,36,62368,mobile,ads,brand,growth,10,1,4,1,0.0,0
S01667,29,60993,mobile,ads,vip_offer,new,17,1,5,3,0.0,0
S01668,44,34151,mobile,organic,,growth,10,0,3,0,0.0,0
S01669,28,55264,tablet,referral,,growth,11,0,6,1,0.0,0
S01670,34,52268,desktop,referral,none,vip,10,0,8,2,1792.88,1
S01671,40,29017,mobile,email,brand,new,23,1,1,0,0.0,0
S01672,51,51795,mobile,ads,summer_sale,new,10,0,2,0,0.0,0
S01673,27,44186,desktop,ads,search,new,22,0,1,0,0.0,0
S01674,47,60464,desktop,organic,none,new,8,0,3,0,636.33,1
S01675,25,,mobile,email,vip_offer,growth,14,0,2,0,0.0,0
S01676,52,34195,mobile,organic,none,vip,16,0,6,0,1398.65,1
S01677,37,39025,mobile,organic,none,new,23,0,6,1,670.49,1
S01678,34,70899,mobile,referral,none,new,15,0,3,1,0.0,0
S01679,37,75886,mobile,ads,search,new,11,0,5,0,0.0,0
S01680,38,47013,mobile,ads,brand,growth,8,1,2,0,0.0,0
S01681,49,96858,tablet,organic,none,new,16,1,1,0,0.0,0
S01682,27,62103,mobile,email,vip_offer,vip,10,0,1,0,0.0,0
S01683,50,35198,desktop,referral,,growth,20,1,1,0,0.0,0
S01684,37,40560,mobile,referral,none,growth,21,0,4,1,0.0,0
S01685,34,41226,desktop,organic,none,new,8,0,3,1,0.0,0
S01686,32,81198,mobile,organic,none,new,10,1,3,0,0.0,0
S01687,24,81009,tablet,email,brand,vip,22,0,4,1,0.0,0
S01688,18,70446,mobile,organic,,new,9,0,1,0,0.0,0
S01689,39,51622,mobile,email,vip_offer,vip,17,0,4,1,0.0,0
S01690,21,54808,desktop,referral,none,vip,23,0,2,1,0.0,0
S01691,31,73638,mobile,,none,vip,22,1,3,0,0.0,0
S01692,41,51364,mobile,organic,none,new,10,1,7,1,0.0,0
S01693,35,32755,desktop,referral,,vip,13,0,1,0,0.0,0
S01694,18,38083,desktop,organic,none,new,11,0,3,0,282.05,1
S01695,30,35984,mobile,organic,none,new,14,0,4,0,0.0,0
S01696,48,55008,desktop,referral,none,new,8,0,3,0,0.0,0
S01697,19,65045,desktop,ads,search,new,9,0,5,1,0.0,0
S01698,28,71330,desktop,ads,search,new,18,0,1,0,0.0,0
S01699,22,52235,mobile,email,vip_offer,new,17,0,4,1,1088.07,1
S01700,28,66099,mobile,organic,none,growth,9,1,1,0,0.0,0
S01701,40,22975,mobile,ads,summer_sale,growth,14,0,5,0,967.45,1
S01702,18,38982,tablet,ads,,growth,19,0,4,1,1251.2,1
S01703,18,62520,desktop,referral,none,growth,9,0,1,0,0.0,0
S01704,43,87034,mobile,ads,vip_offer,growth,14,0,2,0,0.0,0
S01705,46,23959,desktop,referral,none,growth,11,0,3,0,0.0,0
S01706,30,79188,desktop,ads,search,new,15,0,2,1,0.0,0
S01707,26,73361,desktop,organic,none,growth,15,0,3,0,0.0,0
S01708,41,,desktop,organic,none,growth,21,1,5,0,0.0,0
S01709,19,32092,mobile,organic,none,vip,23,0,2,1,0.0,0
S01710,37,68143,mobile,email,search,new,12,0,1,0,0.0,0
S01711,49,49071,desktop,organic,none,growth,21,0,5,0,0.0,0
S01712,48,66355,desktop,email,search,vip,20,0,6,1,2211.27,1
S01713,23,42444,mobile,referral,none,new,11,0,3,0,0.0,0
S01714,36,37067,mobile,referral,none,vip,14,0,9,1,1507.06,1
S01715,37,40773,desktop,referral,none,growth,11,0,8,1,1021.17,1
S01716,41,56227,desktop,referral,none,vip,18,0,1,0,1287.76,1
S01717,45,29407,tablet,organic,none,new,22,0,4,0,0.0,0
S01718,33,61184,mobile,email,vip_offer,growth,20,0,5,1,0.0,0
S01719,18,,mobile,ads,search,growth,9,0,6,0,0.0,0
S01720,25,59199,desktop,organic,none,growth,10,0,4,1,0.0,0
S01721,40,58139,desktop,organic,,new,17,0,3,0,0.0,0
S01722,40,,mobile,ads,summer_sale,vip,13,0,6,0,1138.65,1
S01723,40,50176,mobile,ads,brand,growth,10,0,1,1,904.99,1
S01724,45,43967,mobile,organic,none,growth,23,0,4,1,0.0,0
S01725,36,67793,mobile,email,,new,21,0,2,0,0.0,0
S01726,49,26235,desktop,ads,brand,new,14,0,1,0,0.0,0
S01727,18,38006,tablet,email,summer_sale,growth,12,1,1,0,0.0,0
S01728,45,66606,mobile,organic,none,growth,11,0,6,0,0.0,0
S01729,46,67141,mobile,referral,none,new,21,1,1,0,0.0,0
S01730,38,45010,mobile,organic,none,new,11,0,1,0,0.0,0
S01731,43,33788,mobile,ads,,growth,8,0,4,0,0.0,0
S01732,38,22000,mobile,organic,none,new,19,0,1,0,0.0,0
S01733,43,41689,desktop,referral,none,growth,19,0,6,1,1121.49,1
S01734,49,37754,mobile,referral,none,growth,22,0,5,2,0.0,0
S01735,26,63823,mobile,referral,none,vip,18,0,10,0,0.0,0
S01736,38,48502,mobile,ads,search,growth,12,0,2,0,0.0,0
S01737,34,62135,desktop,referral,none,new,12,0,3,1,913.34,1
S01738,26,35393,desktop,organic,none,new,9,0,5,0,0.0,0
S01739,47,76654,desktop,ads,summer_sale,growth,15,0,4,0,1293.24,1
S01740,38,47266,desktop,ads,search,new,23,0,6,1,0.0,0
S01741,45,43692,mobile,ads,search,new,10,0,1,0,0.0,0
S01742,18,40436,mobile,organic,none,new,17,1,4,0,0.0,0
S01743,36,,desktop,organic,none,new,13,0,2,1,0.0,0
S01744,44,50999,tablet,ads,search,vip,22,0,4,0,0.0,0
S01745,20,61471,mobile,organic,none,new,10,0,4,0,0.0,0
S01746,21,85735,desktop,email,summer_sale,new,16,0,4,0,865.17,1
S01747,41,38101,mobile,ads,,growth,23,0,4,1,0.0,0
S01748,39,52866,mobile,organic,none,new,17,0,1,0,0.0,0
S01749,36,33907,tablet,email,vip_offer,growth,12,0,4,0,0.0,0
S01750,33,49266,tablet,ads,search,new,13,0,2,2,0.0,0
S01751,31,,mobile,referral,none,new,8,0,4,1,0.0,0
S01752,43,34018,mobile,email,search,new,12,0,4,0,0.0,0
S01753,29,58114,mobile,ads,search,new,19,0,1,0,0.0,0
S01754,18,37611,mobile,ads,summer_sale,growth,16,0,2,0,0.0,0
S01755,51,53829,mobile,ads,brand,growth,10,0,4,0,0.0,0
S01756,28,60694,mobile,organic,none,vip,19,0,5,1,1870.56,1
S01757,27,63201,mobile,organic,none,growth,19,1,3,0,0.0,0
S01758,39,77341,desktop,ads,summer_sale,growth,12,0,3,0,0.0,0
S01759,29,41665,mobile,ads,brand,new,14,0,3,0,0.0,0
S01760,49,27097,desktop,referral,none,growth,8,0,6,0,0.0,0
S01761,46,55314,tablet,organic,none,growth,20,0,6,2,1516.7,1
S01762,18,,desktop,email,vip_offer,growth,23,0,5,1,0.0,0
S01763,24,78373,mobile,referral,none,growth,21,0,3,0,0.0,0
S01764,57,67877,mobile,referral,none,new,19,0,5,0,0.0,0
S01765,35,49155,mobile,ads,brand,new,23,0,5,0,0.0,0
S01766,22,29357,desktop,email,search,growth,19,0,2,0,0.0,0
S01767,24,41728,desktop,organic,none,new,20,0,3,1,515.62,1
S01768,42,40261,mobile,email,summer_sale,growth,13,1,4,1,0.0,0
S01769,34,68556,desktop,organic,none,new,16,1,3,0,0.0,0
S01770,38,47367,mobile,organic,none,growth,20,1,6,0,0.0,0
S01771,35,68212,mobile,ads,search,vip,17,1,9,1,0.0,0
S01772,44,67013,desktop,ads,brand,new,15,1,1,1,0.0,0
S01773,56,38775,desktop,referral,none,growth,21,0,4,0,0.0,0
S01774,33,48139,mobile,ads,summer_sale,vip,20,1,4,0,0.0,0
S01775,49,69642,mobile,email,search,new,22,0,5,0,0.0,0
S01776,30,57937,mobile,email,vip_offer,growth,17,0,2,0,0.0,0
S01777,27,28742,mobile,ads,search,new,12,0,1,0,0.0,0
S01778,34,70028,desktop,organic,,growth,16,1,3,0,0.0,0
S01779,62,50746,mobile,organic,none,new,8,1,4,0,0.0,0
S01780,30,76964,mobile,ads,search,new,13,1,2,0,0.0,0
S01781,33,83638,mobile,ads,vip_offer,new,13,0,6,0,0.0,0
S01782,57,55234,tablet,email,summer_sale,vip,12,1,5,1,0.0,0
S01783,44,43380,desktop,organic,none,new,14,0,1,0,0.0,0
S01784,33,22000,mobile,organic,none,new,16,1,3,0,0.0,0
S01785,23,48168,desktop,organic,none,new,9,0,4,0,0.0,0
S01786,34,52948,desktop,ads,summer_sale,growth,11,1,3,0,0.0,0
S01787,18,64176,desktop,organic,none,growth,14,0,3,0,0.0,0
S01788,46,31859,mobile,organic,,vip,19,0,6,0,1258.83,1
S01789,35,23674,desktop,email,brand,growth,17,0,4,1,0.0,0
S01790,29,34470,mobile,organic,none,new,8,1,3,2,0.0,0
S01791,25,54105,mobile,organic,none,new,14,0,4,0,0.0,0
S01792,27,72026,mobile,email,vip_offer,vip,13,1,3,0,0.0,0
S01793,41,83455,desktop,referral,none,new,10,0,4,0,0.0,0
S01794,36,44064,desktop,organic,none,new,20,0,6,0,0.0,0
S01795,24,74506,desktop,ads,,new,19,0,3,0,0.0,0
S01796,31,44493,desktop,ads,search,new,21,0,2,1,0.0,0
S01797,32,70809,,referral,none,growth,21,0,3,0,0.0,0
S01798,31,80542,mobile,ads,vip_offer,new,21,0,4,0,0.0,0
S01799,29,39346,desktop,organic,none,new,17,0,1,0,0.0,0
S01800,48,49474,desktop,ads,brand,growth,18,1,1,0,1089.07,1
S01801,38,38620,tablet,organic,none,new,10,1,7,2,1666.79,1
S01802,50,81566,mobile,ads,,new,16,0,1,0,0.0,0
S01803,46,50434,desktop,referral,,vip,18,0,7,1,0.0,0
S01804,33,57363,desktop,email,vip_offer,growth,23,0,4,0,0.0,0
S01805,43,56809,mobile,ads,search,new,10,1,4,0,0.0,0
S01806,24,42406,desktop,referral,none,growth,21,0,5,0,0.0,0
S01807,40,22000,mobile,organic,none,growth,14,0,2,0,0.0,0
S01808,50,37700,mobile,email,,growth,23,0,3,1,0.0,0
S01809,39,62582,mobile,email,vip_offer,growth,14,0,6,0,1171.08,1
S01810,35,81953,desktop,email,vip_offer,new,22,0,3,0,0.0,0
S01811,,39617,mobile,ads,brand,new,21,0,4,2,0.0,0
S01812,31,87491,desktop,organic,,vip,9,0,3,0,2240.34,1
S01813,37,38122,tablet,referral,none,vip,10,0,4,1,0.0,0
S01814,33,39679,desktop,organic,,growth,18,1,5,0,791.59,1
S01815,34,69910,mobile,referral,none,growth,18,1,3,2,0.0,0
S01816,33,58565,mobile,ads,brand,vip,14,1,7,1,1807.77,1
S01817,32,56208,desktop,ads,vip_offer,new,16,0,3,1,0.0,0
S01818,25,55597,desktop,organic,none,new,11,0,1,0,0.0,0
S01819,30,79189,desktop,email,,growth,20,0,3,0,0.0,0
S01820,21,32151,desktop,ads,brand,new,17,1,6,0,0.0,0
S01821,22,35990,mobile,email,vip_offer,new,18,0,5,0,0.0,0
S01822,,25499,desktop,ads,vip_offer,,8,1,6,0,0.0,0
S01823,38,48755,desktop,email,brand,new,20,0,2,0,0.0,0
S01824,43,56463,desktop,ads,search,new,12,1,5,1,0.0,0
S01825,43,60162,tablet,referral,none,new,19,1,1,0,0.0,0
S01826,28,55685,mobile,referral,none,new,9,0,2,0,0.0,0
S01827,44,73993,mobile,organic,none,vip,23,0,7,1,0.0,0
S01828,26,42379,mobile,organic,none,growth,10,0,6,1,0.0,0
S01829,39,52344,desktop,ads,vip_offer,growth,14,0,4,0,0.0,0
S01830,34,46469,desktop,ads,search,growth,23,0,3,0,0.0,0
S01831,35,55062,mobile,organic,none,new,21,0,2,0,0.0,0
S01832,30,39396,tablet,referral,none,new,23,1,1,0,0.0,0
S01833,31,76425,mobile,ads,summer_sale,growth,22,0,5,0,0.0,0
S01834,41,42643,mobile,ads,,growth,22,1,5,1,0.0,0
S01835,24,,desktop,organic,none,new,14,0,7,0,0.0,0
S01836,25,35641,tablet,organic,,new,12,1,5,1,0.0,0
S01837,25,59491,mobile,organic,none,vip,21,0,7,0,0.0,0
S01838,42,52229,mobile,ads,summer_sale,growth,20,0,3,1,0.0,0
S01839,30,40329,tablet,organic,none,new,9,0,2,0,0.0,0
S01840,28,62314,mobile,organic,none,growth,13,0,5,2,0.0,0
S01841,43,47290,mobile,ads,summer_sale,new,8,0,4,1,0.0,0
S01842,28,66576,mobile,ads,summer_sale,new,17,0,5,0,0.0,0
S01843,52,,mobile,organic,none,growth,14,0,2,0,0.0,0
S01844,35,57052,mobile,email,search,growth,17,0,6,0,0.0,0
S01845,34,52302,desktop,organic,none,growth,11,1,6,1,1466.44,1
S01846,,22000,mobile,organic,none,growth,13,1,3,1,0.0,0
S01847,46,44780,mobile,ads,brand,growth,8,1,2,0,0.0,0
S01848,57,78742,mobile,email,search,vip,23,0,8,0,0.0,0
S01849,38,46615,mobile,organic,none,growth,9,0,5,0,0.0,0
S01850,22,64758,mobile,email,summer_sale,new,13,0,2,0,0.0,0
S01851,21,63568,desktop,referral,none,growth,18,0,4,0,0.0,0
S01852,50,55378,desktop,organic,none,new,9,0,1,0,0.0,0
S01853,,85225,desktop,referral,none,growth,10,0,3,0,1389.52,1
S01854,33,29524,,ads,,new,20,0,2,0,0.0,0
S01855,44,54698,mobile,organic,,growth,13,1,2,0,0.0,0
S01856,32,74860,mobile,,none,new,11,0,2,1,0.0,0
S01857,40,51762,mobile,email,search,new,15,0,5,1,0.0,0
S01858,38,44194,mobile,organic,none,vip,15,0,7,0,0.0,0
S01859,24,69881,desktop,organic,none,growth,10,0,3,0,0.0,0
S01860,37,85085,desktop,organic,none,vip,16,0,6,0,1782.12,1
S01861,38,53266,mobile,ads,search,new,16,0,4,0,0.0,0
S01862,37,47158,mobile,email,,new,12,1,6,1,0.0,0
S01863,55,56519,mobile,ads,brand,new,14,0,2,0,0.0,0
S01864,43,70294,desktop,referral,none,new,10,0,2,0,461.86,1
S01865,33,33892,desktop,email,summer_sale,vip,14,0,6,2,0.0,0
S01866,37,66252,mobile,ads,search,new,21,1,3,0,0.0,0
S01867,32,34802,desktop,ads,brand,growth,11,0,1,0,0.0,0
S01868,31,58244,mobile,ads,brand,new,14,1,1,0,0.0,0
S01869,30,71054,desktop,referral,none,new,16,0,4,0,0.0,0
S01870,36,47133,desktop,email,vip_offer,growth,21,0,3,0,0.0,0
S01871,24,42503,desktop,email,,new,17,0,3,0,0.0,0
S01872,40,49211,desktop,email,vip_offer,vip,21,0,7,0,0.0,0
S01873,41,32655,mobile,ads,summer_sale,new,22,0,2,1,0.0,0
S01874,26,25902,desktop,organic,none,new,16,0,3,1,0.0,0
S01875,32,43561,mobile,organic,none,new,8,0,2,0,0.0,0
S01876,36,,tablet,referral,none,growth,11,0,5,0,0.0,0
S01877,43,61273,mobile,referral,none,new,18,0,1,1,0.0,0
S01878,47,37003,mobile,ads,vip_offer,new,20,0,4,0,0.0,0
S01879,52,65424,desktop,referral,none,growth,12,0,4,0,631.59,1
S01880,49,53987,mobile,referral,none,new,22,1,2,0,0.0,0
S01881,34,76580,desktop,referral,none,vip,13,1,6,1,2077.29,1
S01882,38,52810,desktop,organic,none,vip,10,0,7,1,0.0,0
S01883,26,51388,mobile,organic,none,growth,15,0,7,2,1152.69,1
S01884,27,63213,mobile,organic,,growth,19,1,1,0,0.0,0
S01885,41,66204,desktop,organic,none,new,21,0,3,0,0.0,0
S01886,32,79574,mobile,email,vip_offer,growth,23,0,8,2,0.0,0
S01887,28,35940,mobile,email,brand,vip,22,0,3,1,0.0,0
S01888,47,27240,desktop,email,brand,new,14,1,1,0,0.0,0
S01889,43,45937,mobile,ads,summer_sale,vip,20,1,7,1,0.0,0
S01890,30,61079,mobile,email,vip_offer,vip,19,0,7,1,1876.09,1
S01891,27,72734,desktop,organic,none,growth,13,0,6,1,0.0,0
S01892,49,46383,desktop,organic,none,new,19,0,5,0,0.0,0
S01893,36,74490,desktop,email,brand,vip,18,0,4,0,0.0,0
S01894,46,59910,mobile,referral,none,vip,9,0,5,0,0.0,0
S01895,43,65350,,email,,growth,22,0,5,0,0.0,0
S01896,29,35019,desktop,email,search,new,16,0,3,0,0.0,0
S01897,69,31983,mobile,organic,none,new,8,0,3,1,0.0,0
S01898,44,80026,mobile,email,search,vip,9,0,4,0,0.0,0
S01899,28,44291,desktop,organic,,vip,20,0,6,1,0.0,0
S01900,42,22000,desktop,ads,vip_offer,growth,9,0,2,1,0.0,0
S01901,18,80445,mobile,ads,brand,new,21,0,2,0,0.0,0
S01902,22,61972,tablet,ads,brand,new,22,0,2,0,0.0,0
S01903,,50995,desktop,organic,none,new,16,1,1,0,0.0,0
S01904,46,60929,mobile,organic,none,growth,21,1,5,1,0.0,0
S01905,32,64648,desktop,email,brand,vip,12,1,6,1,0.0,0
S01906,48,52972,desktop,ads,brand,vip,23,1,6,2,2302.37,1
S01907,28,78187,mobile,organic,none,growth,22,1,5,2,1304.27,1
S01908,39,53139,mobile,organic,none,growth,23,1,5,1,0.0,0
S01909,30,83617,desktop,referral,,growth,18,0,1,0,0.0,0
S01910,41,70752,desktop,organic,none,new,23,0,3,0,1029.21,1
S01911,48,22000,mobile,organic,,new,22,0,6,1,0.0,0
S01912,49,64862,mobile,email,search,growth,20,0,1,0,0.0,0
S01913,26,58686,tablet,referral,none,vip,20,1,6,1,0.0,0
S01914,21,38686,desktop,email,search,new,19,0,2,0,0.0,0
S01915,41,,desktop,organic,none,growth,21,1,6,1,0.0,0
S01916,52,30311,mobile,referral,none,new,15,0,4,1,0.0,0
S01917,35,55736,mobile,organic,none,new,23,0,4,1,0.0,0
S01918,42,69738,desktop,organic,none,growth,22,0,5,1,0.0,0
S01919,18,43381,mobile,email,search,growth,16,0,1,0,0.0,0
S01920,18,39174,mobile,organic,none,growth,21,0,4,1,0.0,0
S01921,25,57059,desktop,email,search,vip,9,0,6,0,0.0,0
S01922,32,74478,mobile,email,summer_sale,new,11,1,1,1,0.0,0
S01923,34,33565,mobile,ads,vip_offer,new,21,0,2,2,0.0,0
S01924,30,54429,mobile,email,brand,,17,0,7,2,0.0,0
S01925,22,,mobile,ads,vip_offer,new,22,0,3,0,0.0,0
S01926,36,48072,tablet,referral,none,new,15,0,2,0,0.0,0
S01927,31,48981,mobile,ads,vip_offer,vip,21,0,3,0,0.0,0
S01928,48,82512,desktop,ads,brand,new,9,0,5,0,0.0,0
S01929,42,30659,desktop,ads,brand,new,11,0,8,1,0.0,0
S01930,54,62779,mobile,email,vip_offer,growth,18,0,3,1,0.0,0
S01931,39,34505,mobile,ads,search,growth,8,0,3,0,0.0,0
S01932,,87616,mobile,organic,none,new,14,0,1,0,0.0,0
S01933,27,76415,mobile,email,brand,vip,18,0,4,0,0.0,0
S01934,43,47950,desktop,email,brand,growth,17,1,6,0,0.0,0
S01935,36,22000,mobile,ads,brand,growth,23,0,3,0,0.0,0
S01936,27,77334,mobile,organic,none,new,20,1,2,0,0.0,0
S01937,29,69481,desktop,organic,none,growth,22,0,4,2,0.0,0
S01938,45,65484,mobile,ads,vip_offer,growth,19,0,6,1,1361.53,1
S01939,34,50706,mobile,organic,none,growth,18,0,6,1,1478.53,1
S01940,35,45236,tablet,organic,none,new,15,0,5,0,1052.1,1
S01941,33,36005,mobile,referral,none,new,23,1,3,0,0.0,0
S01942,21,53942,mobile,referral,none,new,13,0,6,1,0.0,0
S01943,41,65990,desktop,organic,none,growth,20,1,3,0,0.0,0
S01944,31,44691,tablet,organic,none,vip,8,1,3,0,0.0,0
S01945,19,44855,desktop,email,summer_sale,new,15,1,2,0,0.0,0
S01946,37,40239,tablet,organic,none,,8,0,3,0,787.39,1
S01947,27,43758,mobile,email,summer_sale,new,20,0,2,0,0.0,0
S01948,22,47222,mobile,organic,none,growth,15,0,4,0,0.0,0
S01949,28,30647,desktop,ads,,new,18,1,6,1,0.0,0
S01950,23,,mobile,ads,search,new,9,1,5,0,492.37,1
S01951,37,51514,desktop,email,summer_sale,new,11,0,3,1,1246.51,1
S01952,20,59610,mobile,ads,brand,vip,13,0,7,1,2186.31,1
S01953,31,43192,mobile,email,summer_sale,growth,21,1,4,0,0.0,0
S01954,37,41180,mobile,organic,,new,18,0,4,0,0.0,0
S01955,29,45062,mobile,,none,new,17,0,5,0,796.95,1
S01956,24,71450,mobile,ads,summer_sale,new,15,0,3,0,0.0,0
S01957,40,60819,mobile,email,,growth,15,0,3,1,0.0,0
S01958,39,46057,mobile,referral,none,growth,16,1,6,2,1277.79,1
S01959,43,46689,desktop,referral,none,new,9,0,2,0,484.38,1
S01960,26,76377,desktop,referral,none,new,21,0,5,0,0.0,0
S01961,38,54891,mobile,ads,vip_offer,new,18,0,6,1,0.0,0
S01962,24,62483,mobile,email,brand,growth,9,0,6,1,0.0,0
S01963,42,73681,tablet,ads,summer_sale,growth,23,1,3,0,0.0,0
S01964,31,45648,mobile,ads,brand,growth,15,0,6,1,1265.22,1
S01965,40,26680,mobile,ads,search,new,8,1,8,2,1157.05,1
S01966,39,63186,desktop,ads,brand,new,21,0,3,2,0.0,0
S01967,52,22000,mobile,ads,summer_sale,new,16,0,1,0,0.0,0
S01968,31,57713,desktop,ads,vip_offer,vip,16,1,5,0,0.0,0
S01969,29,56413,mobile,email,summer_sale,growth,23,0,2,0,0.0,0
S01970,21,64784,desktop,email,vip_offer,vip,9,0,3,0,0.0,0
S01971,28,93934,desktop,organic,none,growth,20,1,3,0,0.0,0
S01972,51,49300,desktop,organic,none,new,22,1,1,0,0.0,0
S01973,44,55765,mobile,email,vip_offer,new,10,0,4,2,1256.28,1
S01974,48,41090,mobile,email,summer_sale,vip,15,0,6,0,0.0,0
S01975,40,34051,desktop,email,summer_sale,growth,16,0,6,0,0.0,0
S01976,43,76630,mobile,organic,none,growth,19,0,5,0,0.0,0
S01977,49,82426,desktop,organic,none,new,15,0,1,0,0.0,0
S01978,44,53549,desktop,ads,vip_offer,growth,16,1,2,0,0.0,0
S01979,34,54795,desktop,email,brand,new,8,1,1,0,0.0,0
S01980,39,56033,mobile,organic,none,growth,20,0,1,0,0.0,0
S01981,18,41379,mobile,organic,none,growth,15,0,2,0,0.0,0
S01982,37,36280,desktop,organic,none,vip,19,1,5,1,0.0,0
S01983,27,62577,desktop,email,search,growth,13,0,1,0,0.0,0
S01984,32,49690,mobile,ads,brand,growth,16,0,6,0,0.0,0
S01985,36,56960,mobile,referral,none,new,23,0,6,2,1478.59,1
S01986,43,50443,mobile,organic,none,growth,14,0,6,0,0.0,0
S01987,32,79639,desktop,organic,none,growth,20,0,4,0,0.0,0
S01988,65,31321,mobile,ads,summer_sale,new,14,0,1,0,0.0,0
S01989,46,43210,mobile,organic,none,new,21,0,5,1,901.59,1
S01990,25,74942,mobile,email,,new,14,0,2,1,0.0,0
S01991,41,73514,mobile,referral,none,new,12,0,3,1,789.44,1
S01992,41,75017,tablet,organic,none,new,15,1,7,2,0.0,0
S01993,29,53509,mobile,ads,brand,new,19,0,4,1,0.0,0
S01994,46,84874,mobile,ads,brand,growth,18,0,3,1,0.0,0
S01995,36,50252,mobile,email,search,new,12,1,5,1,0.0,0
S01996,24,71350,mobile,email,summer_sale,growth,15,0,6,1,0.0,0
S01997,38,49289,desktop,ads,vip_offer,growth,21,0,4,1,0.0,0
S01998,46,49284,mobile,email,search,vip,12,1,6,0,0.0,0
S01999,24,49169,mobile,referral,none,new,18,0,1,0,0.0,0
S02000,41,37961,mobile,organic,none,new,11,0,4,1,0.0,0
S02001,26,69591,mobile,ads,search,vip,21,1,2,0,0.0,0
S02002,40,51500,mobile,ads,,new,23,0,2,0,0.0,0
S02003,35,65177,tablet,ads,summer_sale,,8,0,1,0,0.0,0
S02004,53,45602,mobile,organic,none,new,14,0,2,1,0.0,0
S02005,36,50954,mobile,ads,vip_offer,vip,9,0,5,1,0.0,0
S02006,24,54137,mobile,ads,search,growth,12,0,6,2,0.0,0
S02007,44,58652,tablet,email,vip_offer,vip,11,0,7,1,0.0,0
S02008,30,25942,mobile,email,summer_sale,new,16,0,3,1,0.0,0
S02009,27,74734,desktop,ads,brand,new,16,1,5,0,0.0,0
S02010,46,69215,mobile,ads,brand,growth,12,0,4,0,0.0,0
S02011,31,22000,mobile,organic,none,new,8,1,4,0,0.0,0
S02012,38,37769,mobile,email,brand,vip,20,0,6,0,0.0,0
S02013,28,46661,desktop,ads,search,vip,16,1,4,0,0.0,0
S02014,46,81253,desktop,ads,search,vip,10,0,5,0,0.0,0
S02015,20,83713,desktop,ads,search,growth,11,0,4,0,0.0,0
S02016,41,71325,mobile,ads,summer_sale,vip,15,1,5,0,0.0,0
S02017,37,62577,mobile,organic,none,new,16,0,5,2,0.0,0
S02018,35,65679,mobile,ads,search,new,22,0,1,0,0.0,0
S02019,29,34683,tablet,referral,none,new,19,0,1,1,778.32,1
S02020,,,mobile,ads,search,new,9,0,5,1,0.0,0
S02021,21,31255,tablet,ads,brand,new,15,0,4,0,0.0,0
S02022,39,57241,mobile,email,brand,new,10,0,4,1,0.0,0
S02023,41,57562,mobile,referral,none,growth,13,0,6,1,0.0,0
S02024,21,41939,desktop,email,brand,,21,0,1,0,0.0,0
S02025,22,22000,desktop,organic,,new,14,0,1,1,0.0,0
S02026,28,63690,mobile,email,summer_sale,new,19,1,1,1,0.0,0
S02027,31,22000,desktop,referral,none,growth,12,1,1,0,1038.37,1
S02028,58,62675,mobile,organic,,new,23,0,6,1,0.0,0
S02029,43,45222,desktop,organic,none,new,19,0,3,0,0.0,0
S02030,27,22000,mobile,referral,none,growth,9,0,3,0,0.0,0
S02031,38,30077,mobile,organic,none,new,21,0,5,0,0.0,0
S02032,38,73681,mobile,organic,none,new,23,0,4,0,1079.3,1
S02033,32,60891,tablet,organic,none,new,18,0,4,1,0.0,0
S02034,39,41171,mobile,ads,search,growth,12,0,2,0,0.0,0
S02035,46,51889,desktop,email,brand,vip,23,0,7,0,0.0,0
S02036,18,36417,,referral,none,new,16,0,4,0,0.0,0
S02037,18,36120,mobile,,none,vip,19,0,7,2,1640.54,1
S02038,33,53922,tablet,organic,none,new,14,0,4,1,0.0,0
S02039,26,42265,mobile,ads,brand,growth,19,0,1,0,0.0,0
S02040,45,62455,mobile,ads,,new,22,0,3,0,0.0,0
S02041,26,46057,mobile,ads,search,new,12,0,8,0,0.0,0
S02042,38,39020,tablet,ads,vip_offer,growth,15,1,2,0,0.0,0
S02043,62,47410,mobile,organic,none,new,10,0,6,1,0.0,0
S02044,36,44764,mobile,email,vip_offer,new,9,1,3,0,0.0,0
S02045,29,70500,desktop,ads,search,growth,20,1,5,2,0.0,0
S02046,42,46462,mobile,referral,none,new,14,1,3,0,0.0,0
S02047,29,24105,desktop,organic,none,new,8,1,1,0,0.0,0
S02048,23,53209,desktop,organic,none,,10,0,1,0,0.0,0
S02049,21,50710,mobile,organic,,growth,9,0,6,1,0.0,0
S02050,24,49109,desktop,email,vip_offer,new,10,0,4,0,883.55,1
S02051,22,55178,mobile,email,brand,new,15,0,2,0,0.0,0
S02052,46,,mobile,organic,none,growth,17,0,2,0,952.58,1
S02053,45,31079,mobile,ads,brand,new,12,1,2,2,0.0,0
S02054,37,51017,desktop,organic,none,growth,16,1,3,0,0.0,0
S02055,46,45481,mobile,organic,none,new,17,1,3,1,0.0,0
S02056,28,41607,mobile,organic,none,growth,19,0,1,1,0.0,0
S02057,42,47022,desktop,organic,none,new,10,0,5,0,0.0,0
S02058,51,52467,mobile,organic,none,vip,15,0,4,1,1342.56,1
S02059,18,59408,desktop,organic,none,growth,17,0,4,1,0.0,0
S02060,25,,desktop,organic,none,growth,18,0,5,2,1528.04,1
S02061,35,43956,mobile,email,brand,new,11,0,1,0,0.0,0
S02062,36,57302,mobile,ads,vip_offer,growth,11,0,2,0,0.0,0
S02063,21,42197,mobile,email,vip_offer,vip,20,0,4,0,0.0,0
S02064,36,22000,mobile,organic,none,growth,10,0,4,0,0.0,0
S02065,41,78664,mobile,referral,none,new,21,0,1,0,0.0,0
S02066,34,60221,mobile,ads,search,growth,16,0,2,0,1043.29,1
S02067,55,28238,mobile,ads,brand,growth,18,1,4,1,0.0,0
S02068,40,27312,desktop,referral,none,growth,21,0,8,1,0.0,0
S02069,18,85343,desktop,organic,none,vip,12,0,3,0,1306.39,1
S02070,43,48849,mobile,ads,summer_sale,vip,19,0,6,0,0.0,0
S02071,36,51386,mobile,ads,search,new,22,0,1,0,0.0,0
S02072,43,47265,mobile,ads,search,vip,21,0,4,1,1646.81,1
S02073,27,66359,mobile,organic,none,new,17,0,3,0,0.0,0
S02074,48,69708,desktop,ads,search,growth,20,1,4,0,0.0,0
S02075,38,34960,mobile,referral,none,new,13,0,4,0,0.0,0
S02076,52,45745,tablet,organic,none,growth,19,0,9,1,1598.44,1
S02077,28,63196,desktop,ads,search,new,11,0,6,0,927.44,1
S02078,38,37791,mobile,ads,brand,vip,21,0,7,2,0.0,0
S02079,32,53708,desktop,referral,none,new,14,0,1,0,0.0,0
S02080,39,36802,desktop,referral,none,growth,23,0,5,1,0.0,0
S02081,,55592,desktop,ads,,vip,22,0,4,0,0.0,0
S02082,28,46851,desktop,organic,none,vip,16,0,6,0,0.0,0
S02083,18,75234,desktop,ads,summer_sale,,8,0,5,0,0.0,0
S02084,35,48049,tablet,organic,none,growth,9,0,7,1,0.0,0
S02085,34,68830,mobile,organic,none,new,12,1,4,1,0.0,0
S02086,34,35609,mobile,ads,brand,,9,0,5,0,0.0,0
S02087,22,64822,desktop,ads,,new,21,1,3,0,0.0,0
S02088,49,48842,desktop,organic,none,vip,20,0,6,1,0.0,0
S02089,40,41981,mobile,referral,none,vip,23,0,5,1,1793.68,1
S02090,28,67840,mobile,organic,none,new,9,0,3,0,0.0,0
S02091,40,47927,mobile,organic,none,new,20,0,4,0,0.0,0
S02092,49,59545,tablet,ads,search,new,19,1,5,0,0.0,0
S02093,47,22000,mobile,email,vip_offer,new,8,0,1,0,0.0,0
S02094,32,82606,desktop,referral,,growth,8,1,6,1,0.0,0
S02095,23,63741,tablet,ads,summer_sale,new,12,1,3,0,0.0,0
S02096,31,58789,mobile,referral,none,growth,19,0,1,0,0.0,0
S02097,35,68945,desktop,organic,none,growth,22,0,2,1,0.0,0
S02098,47,79683,mobile,ads,brand,growth,23,0,4,0,0.0,0
S02099,31,29611,desktop,organic,none,growth,17,0,1,0,0.0,0
S02100,39,80434,mobile,organic,none,vip,23,0,9,1,0.0,0
S02101,18,72729,desktop,email,brand,new,17,1,1,1,0.0,0
S02102,51,56697,mobile,organic,none,new,20,1,5,1,0.0,0
S02103,39,44729,mobile,referral,none,new,8,0,3,0,0.0,0
S02104,,72618,,organic,none,new,11,0,1,0,0.0,0
S02105,29,53168,mobile,ads,brand,vip,17,1,5,1,0.0,0
S02106,22,51709,desktop,email,search,new,15,0,2,0,0.0,0
S02107,21,74034,mobile,email,summer_sale,new,14,0,6,0,0.0,0
S02108,36,69858,tablet,email,search,growth,23,1,3,0,0.0,0
S02109,49,34068,mobile,referral,none,new,15,0,1,0,0.0,0
S02110,42,45039,mobile,organic,none,growth,20,0,5,2,0.0,0
S02111,26,56285,tablet,organic,none,growth,10,0,3,0,0.0,0
S02112,,70876,mobile,ads,search,new,9,0,2,1,0.0,0
S02113,50,60999,mobile,ads,vip_offer,growth,9,1,5,1,0.0,0
S02114,26,70756,desktop,ads,,growth,18,0,3,0,0.0,0
S02115,41,58066,desktop,organic,none,growth,11,0,3,0,0.0,0
S02116,29,66831,mobile,referral,none,new,13,0,5,0,0.0,0
S02117,43,57816,desktop,organic,none,new,19,1,3,0,0.0,0
S02118,24,30035,desktop,email,vip_offer,vip,14,0,4,0,0.0,0
S02119,43,34496,mobile,organic,none,vip,19,1,3,0,0.0,0
S02120,30,78723,desktop,ads,summer_sale,growth,11,1,4,0,0.0,0
S02121,36,22149,mobile,ads,search,new,8,0,1,0,0.0,0
S02122,30,62944,tablet,organic,none,growth,17,0,1,0,0.0,0
S02123,48,45080,desktop,ads,brand,vip,21,1,5,0,1540.7,1
S02124,60,66397,mobile,ads,search,new,8,0,4,0,0.0,0
S02125,43,74088,desktop,organic,none,new,10,0,3,0,0.0,0
S02126,27,56656,desktop,referral,none,new,19,0,3,0,0.0,0
S02127,53,60826,mobile,ads,summer_sale,new,16,0,2,0,0.0,0
S02128,39,48323,mobile,organic,none,growth,18,0,1,0,0.0,0
S02129,27,66750,desktop,organic,none,new,19,0,3,0,0.0,0
S02130,39,45867,mobile,organic,,new,9,1,3,1,0.0,0
S02131,26,25936,mobile,referral,none,new,20,1,5,0,0.0,0
S02132,42,22000,mobile,email,search,new,23,0,1,0,0.0,0
S02133,27,50629,desktop,ads,search,growth,16,1,4,0,0.0,0
S02134,40,53263,tablet,organic,none,growth,12,0,5,2,0.0,0
S02135,45,22226,tablet,email,summer_sale,new,16,1,1,0,0.0,0
S02136,32,71829,desktop,referral,none,growth,8,0,4,0,0.0,0
S02137,26,59364,mobile,ads,summer_sale,growth,22,0,4,0,0.0,0
S02138,27,49897,mobile,email,search,growth,12,0,7,2,1501.72,1
S02139,38,70006,mobile,email,vip_offer,new,21,1,3,0,0.0,0
S02140,18,73232,mobile,ads,brand,vip,18,0,4,0,0.0,0
S02141,34,62876,desktop,referral,none,growth,10,0,2,0,0.0,0
S02142,33,41772,tablet,ads,brand,new,19,0,3,0,0.0,0
S02143,48,65149,desktop,email,summer_sale,new,17,0,3,0,1146.62,1
S02144,34,49227,desktop,organic,none,growth,20,0,4,1,0.0,0
S02145,22,35093,mobile,email,summer_sale,new,18,1,2,0,0.0,0
S02146,32,39832,desktop,email,summer_sale,growth,21,0,4,0,0.0,0
S02147,49,46172,mobile,referral,none,new,13,1,1,2,831.06,1
S02148,40,65549,mobile,organic,none,growth,15,1,5,1,0.0,0
S02149,18,83954,mobile,ads,search,new,19,0,5,0,0.0,0
S02150,42,51341,mobile,ads,search,new,9,0,1,0,0.0,0
S02151,43,55329,mobile,email,brand,new,16,0,4,0,0.0,0
S02152,30,76128,mobile,organic,,growth,19,0,7,0,0.0,0
S02153,26,40349,,ads,brand,new,14,0,1,0,0.0,0
S02154,23,46759,desktop,ads,brand,growth,21,0,5,1,0.0,0
S02155,18,43144,desktop,organic,none,new,8,0,1,0,0.0,0
S02156,54,88130,desktop,organic,none,new,8,0,5,0,0.0,0
S02157,50,40596,mobile,organic,none,new,15,0,4,0,0.0,0
S02158,32,22000,desktop,organic,none,new,22,1,1,0,0.0,0
S02159,28,36027,tablet,referral,none,growth,20,0,4,0,1305.43,1
S02160,38,62817,mobile,email,brand,growth,14,1,1,0,1030.11,1
S02161,25,22000,mobile,ads,,new,16,0,5,2,0.0,0
S02162,36,33162,desktop,ads,summer_sale,new,11,0,6,1,755.5,1
S02163,43,69617,tablet,ads,vip_offer,new,23,0,2,0,0.0,0
S02164,23,63518,tablet,referral,,new,21,0,5,1,0.0,0
S02165,39,29233,desktop,ads,vip_offer,vip,20,0,4,0,0.0,0
S02166,29,56552,tablet,ads,,growth,22,0,4,1,1419.19,1
S02167,42,52513,desktop,ads,vip_offer,new,18,1,1,0,0.0,0
S02168,39,57108,desktop,referral,none,new,18,0,2,1,0.0,0
S02169,46,63409,desktop,organic,none,new,9,0,4,0,0.0,0
S02170,,61307,desktop,organic,,new,18,0,1,0,0.0,0
S02171,40,70049,mobile,organic,none,new,15,1,6,1,0.0,0
S02172,35,88852,desktop,email,search,vip,18,0,6,0,2051.52,1
S02173,59,22000,mobile,organic,none,new,12,0,6,1,894.16,1
S02174,27,37199,desktop,referral,none,new,18,0,5,0,0.0,0
S02175,38,39353,mobile,ads,search,growth,8,0,6,0,0.0,0
S02176,57,68822,mobile,organic,none,new,17,0,3,0,0.0,0
S02177,43,28236,desktop,organic,none,new,11,0,1,0,0.0,0
S02178,40,90953,mobile,email,brand,new,16,0,6,2,0.0,0
S02179,50,65326,desktop,email,brand,,8,0,2,0,0.0,0
S02180,41,59793,mobile,email,vip_offer,new,8,0,3,1,0.0,0
S02181,48,88119,tablet,organic,,new,21,0,6,0,0.0,0
S02182,38,67212,desktop,ads,brand,new,11,0,2,0,0.0,0
S02183,44,51858,mobile,organic,none,new,16,1,2,0,0.0,0
S02184,35,33841,mobile,referral,none,vip,19,0,5,0,0.0,0
S02185,34,65512,mobile,email,brand,new,21,1,3,2,1675.58,1
S02186,29,29102,desktop,referral,none,growth,8,1,1,1,0.0,0
S02187,30,66340,desktop,organic,none,vip,16,0,5,0,0.0,0
S02188,25,55729,desktop,ads,brand,growth,19,0,7,1,1233.6,1
S02189,31,68023,desktop,organic,none,growth,19,0,7,0,0.0,0
S02190,38,62354,mobile,email,brand,growth,13,0,5,1,0.0,0
S02191,41,70703,desktop,email,search,new,9,0,3,1,0.0,0
S02192,31,63080,mobile,organic,none,new,14,0,3,0,0.0,0
S02193,42,81581,mobile,referral,none,new,14,0,1,0,0.0,0
S02194,36,39668,mobile,ads,brand,growth,22,0,4,0,0.0,0
S02195,24,90913,tablet,referral,none,new,19,0,5,0,0.0,0
S02196,23,34957,mobile,referral,none,new,10,0,2,1,0.0,0
S02197,50,42927,mobile,ads,summer_sale,vip,16,1,7,0,0.0,0
S02198,20,56829,mobile,referral,none,,9,1,1,0,0.0,0
S02199,23,81418,tablet,ads,,growth,11,0,6,0,0.0,0
S02200,35,62244,tablet,email,search,new,15,0,4,1,0.0,0
S02201,27,43812,mobile,organic,none,new,22,1,3,0,0.0,0
S02202,34,47582,desktop,ads,brand,growth,13,0,1,0,1215.27,1
S02203,29,35231,mobile,email,,new,17,0,3,0,0.0,0
S02204,47,34264,mobile,email,brand,new,10,0,1,0,0.0,0
S02205,18,71493,desktop,email,vip_offer,new,14,0,4,0,1124.25,1
S02206,43,22000,mobile,referral,none,new,17,0,4,0,0.0,0
S02207,33,60519,desktop,ads,vip_offer,growth,15,0,6,0,1013.07,1
S02208,46,22000,mobile,ads,search,growth,18,0,5,0,0.0,0
S02209,35,81718,desktop,referral,none,growth,22,0,4,0,1192.67,1
S02210,39,42498,tablet,ads,vip_offer,growth,9,0,6,1,1321.66,1
S02211,35,76033,mobile,ads,summer_sale,new,16,1,4,2,1438.91,1
S02212,34,59074,mobile,organic,,new,21,0,6,0,0.0,0
S02213,48,47334,desktop,organic,none,growth,10,1,6,1,0.0,0
S02214,45,85103,mobile,email,search,vip,23,0,8,1,0.0,0
S02215,60,63430,mobile,referral,none,growth,11,0,3,0,0.0,0
S02216,37,53798,desktop,referral,none,new,17,0,1,0,0.0,0
S02217,30,41382,desktop,referral,none,growth,13,1,1,0,0.0,0
S02218,40,53781,desktop,organic,none,,16,1,5,1,0.0,0
S02219,36,31464,desktop,referral,none,new,16,1,2,0,0.0,0
S02220,37,67642,mobile,organic,none,growth,21,0,6,0,0.0,0
S02221,35,68480,desktop,organic,none,new,21,1,1,1,0.0,0
S02222,36,60434,desktop,referral,none,new,9,0,1,0,0.0,0
S02223,42,35334,tablet,ads,brand,new,8,0,1,0,992.16,1
S02224,18,93505,mobile,ads,search,vip,16,0,5,0,0.0,0
S02225,20,91019,mobile,email,vip_offer,vip,14,1,5,0,0.0,0
S02226,,70965,desktop,ads,search,growth,16,1,6,0,0.0,0
S02227,23,55351,desktop,ads,summer_sale,new,17,0,1,0,0.0,0
S02228,24,56520,mobile,organic,none,new,17,0,4,1,1067.94,1
S02229,28,41665,desktop,organic,none,new,12,0,2,0,0.0,0
S02230,36,39030,desktop,organic,none,vip,13,1,5,1,1423.6,1
S02231,45,39658,mobile,email,brand,growth,22,1,5,0,0.0,0
S02232,38,84745,desktop,ads,vip_offer,new,20,1,2,0,0.0,0
S02233,22,35195,mobile,ads,vip_offer,growth,20,0,1,0,0.0,0
S02234,43,37480,mobile,referral,none,vip,14,1,3,0,0.0,0
S02235,41,41441,mobile,referral,none,new,22,1,6,1,0.0,0
S02236,30,56228,mobile,ads,vip_offer,growth,20,1,5,0,0.0,0
S02237,40,46828,desktop,ads,summer_sale,new,8,0,4,0,0.0,0
S02238,18,66538,mobile,organic,none,growth,11,0,1,0,0.0,0
S02239,46,34757,mobile,ads,summer_sale,vip,15,0,5,0,0.0,0
S02240,47,,mobile,ads,summer_sale,new,22,0,4,0,0.0,0
S02241,54,80562,desktop,email,,vip,13,1,7,0,1842.21,1
S02242,36,65454,mobile,email,,new,9,1,2,0,0.0,0
S02243,49,33605,tablet,referral,none,growth,18,0,8,0,0.0,0
S02244,22,45806,desktop,email,brand,growth,21,0,8,1,0.0,0
S02245,36,34216,desktop,referral,none,growth,21,1,4,1,0.0,0
S02246,19,39208,desktop,email,vip_offer,growth,18,0,5,0,0.0,0
S02247,43,60242,tablet,referral,none,growth,16,1,4,0,0.0,0
S02248,24,33410,desktop,ads,summer_sale,growth,22,0,4,2,0.0,0
S02249,46,53269,mobile,ads,search,new,23,0,5,0,0.0,0
S02250,30,83221,mobile,ads,summer_sale,growth,22,0,5,0,1026.23,1
S02251,39,33404,desktop,organic,none,new,10,0,4,1,0.0,0
S02252,28,67032,mobile,organic,none,new,15,0,5,0,0.0,0
S02253,32,39726,mobile,organic,none,vip,20,0,4,0,0.0,0
S02254,42,56685,mobile,ads,search,growth,9,0,1,0,0.0,0
S02255,36,40704,mobile,email,summer_sale,new,11,0,4,0,0.0,0
S02256,50,38249,mobile,email,vip_offer,new,19,0,5,3,1186.11,1
S02257,34,76624,desktop,email,summer_sale,growth,23,1,5,1,0.0,0
S02258,24,86182,desktop,referral,none,new,8,1,2,0,886.13,1
S02259,27,65475,desktop,email,summer_sale,new,19,0,2,1,0.0,0
S02260,28,32484,mobile,organic,none,new,11,1,8,1,0.0,0
S02261,36,57629,desktop,organic,none,new,17,0,5,1,1162.01,1
S02262,43,59212,mobile,ads,brand,new,22,0,2,0,657.6,1
S02263,41,46986,mobile,ads,summer_sale,vip,8,0,6,0,0.0,0
S02264,37,42144,mobile,organic,none,growth,20,0,6,1,1053.98,1
S02265,45,57876,mobile,ads,vip_offer,new,17,1,4,1,0.0,0
S02266,30,57595,tablet,organic,none,growth,10,0,5,0,0.0,0
S02267,24,74217,desktop,email,search,vip,20,0,6,1,0.0,0
S02268,18,56584,desktop,referral,none,growth,15,0,3,0,1047.65,1
S02269,37,55509,mobile,organic,none,growth,22,0,1,0,0.0,0
S02270,39,72359,mobile,email,search,new,9,1,4,1,542.49,1
S02271,31,53709,desktop,organic,,new,21,1,1,0,0.0,0
S02272,42,58034,desktop,organic,none,vip,10,1,1,0,0.0,0
S02273,45,43853,desktop,referral,none,growth,13,0,6,0,0.0,0
S02274,44,74614,desktop,email,vip_offer,new,22,0,3,1,0.0,0
S02275,38,56757,mobile,ads,brand,vip,8,0,2,0,0.0,0
S02276,43,51626,desktop,organic,none,new,18,0,3,0,0.0,0
S02277,51,67290,mobile,organic,none,growth,15,0,1,0,0.0,0
S02278,41,22000,mobile,ads,,new,13,0,1,0,0.0,0
S02279,46,40350,desktop,organic,none,vip,11,0,3,0,1423.18,1
S02280,48,36776,mobile,ads,search,growth,21,0,4,0,0.0,0
S02281,41,65928,mobile,ads,vip_offer,growth,15,0,4,0,0.0,0
S02282,44,73493,mobile,organic,none,growth,13,0,8,1,1124.81,1
S02283,42,31410,mobile,organic,,growth,8,0,7,1,0.0,0
S02284,39,58274,mobile,ads,vip_offer,new,18,0,3,0,1154.66,1
S02285,47,53648,desktop,ads,search,growth,13,1,1,1,0.0,0
S02286,23,74159,mobile,email,summer_sale,new,22,0,1,0,0.0,0
S02287,33,69521,mobile,email,brand,vip,16,0,4,0,0.0,0
S02288,44,49527,desktop,referral,none,new,10,1,5,0,0.0,0
S02289,37,22000,mobile,organic,none,vip,13,0,2,0,0.0,0
S02290,36,46268,desktop,organic,none,vip,15,0,3,0,0.0,0
S02291,24,75849,mobile,referral,none,growth,23,0,3,0,0.0,0
S02292,37,,tablet,organic,none,growth,14,0,3,1,0.0,0
S02293,48,28353,mobile,organic,none,new,11,0,3,1,0.0,0
S02294,50,52286,mobile,organic,,new,16,0,2,0,0.0,0
S02295,27,70798,mobile,ads,brand,vip,14,0,3,0,0.0,0
S02296,35,55256,mobile,email,vip_offer,growth,11,0,5,0,0.0,0
S02297,48,73083,mobile,organic,none,vip,9,0,5,3,2304.57,1
S02298,34,43744,desktop,ads,search,new,22,0,1,0,0.0,0
S02299,29,36982,tablet,organic,none,growth,13,0,2,0,0.0,0
S02300,24,73783,mobile,ads,vip_offer,growth,19,0,1,0,0.0,0
S02301,29,78439,mobile,organic,none,new,23,1,2,0,0.0,0
S02302,42,31029,mobile,organic,none,new,21,1,1,0,0.0,0
S02303,27,49265,desktop,organic,none,,22,0,6,1,0.0,0
S02304,36,77916,mobile,organic,none,new,22,0,1,0,0.0,0
S02305,45,87702,desktop,organic,none,new,10,1,1,0,0.0,0
S02306,48,42311,mobile,organic,none,growth,11,0,6,0,0.0,0
S02307,35,64070,mobile,,search,vip,12,1,2,0,0.0,0
S02308,40,69340,mobile,organic,none,new,8,1,5,1,0.0,0
S02309,47,38839,desktop,referral,none,growth,8,1,4,2,1309.47,1
S02310,23,,desktop,email,brand,new,22,1,3,0,0.0,0
S02311,22,59777,desktop,ads,summer_sale,vip,13,0,6,0,0.0,0
S02312,39,85572,mobile,ads,summer_sale,vip,17,0,1,0,0.0,0
S02313,22,48352,mobile,email,summer_sale,new,11,0,4,1,0.0,0
S02314,26,58690,mobile,organic,none,vip,21,0,2,0,0.0,0
S02315,30,56181,desktop,organic,none,new,23,0,5,0,0.0,0
S02316,24,69249,tablet,organic,none,new,13,1,3,0,0.0,0
S02317,56,95216,desktop,referral,none,new,22,1,7,0,1266.7,1
S02318,27,80448,mobile,email,search,growth,11,0,3,0,0.0,0
S02319,26,68672,desktop,organic,none,growth,15,0,2,0,0.0,0
S02320,24,39282,desktop,ads,brand,new,19,0,2,0,0.0,0
S02321,45,33103,mobile,email,summer_sale,new,9,0,1,0,0.0,0
S02322,,67108,desktop,ads,brand,new,22,0,2,0,0.0,0
S02323,35,,mobile,email,search,new,23,0,1,0,0.0,0
S02324,18,57234,mobile,organic,none,new,12,0,2,0,0.0,0
S02325,51,22000,mobile,organic,none,growth,9,0,6,1,0.0,0
S02326,51,22000,mobile,organic,none,,19,1,1,0,0.0,0
S02327,30,38877,mobile,ads,brand,new,19,1,5,0,0.0,0
S02328,44,56498,mobile,organic,none,new,18,0,5,0,0.0,0
S02329,22,54580,mobile,email,brand,new,8,0,4,1,0.0,0
S02330,29,86347,mobile,organic,none,new,19,0,4,0,0.0,0
S02331,28,68383,mobile,ads,summer_sale,new,9,0,1,1,0.0,0
S02332,31,79834,tablet,ads,search,new,11,1,2,0,0.0,0
S02333,28,53032,mobile,organic,none,growth,8,0,6,0,0.0,0
S02334,24,34436,tablet,email,vip_offer,new,18,0,1,0,0.0,0
S02335,41,47365,mobile,ads,vip_offer,vip,14,1,6,0,0.0,0
S02336,18,57074,desktop,organic,none,growth,14,0,4,2,0.0,0
S02337,19,49019,mobile,referral,none,new,19,0,3,1,843.22,1
S02338,48,57117,desktop,ads,,new,13,0,1,0,0.0,0
S02339,32,85972,mobile,ads,search,growth,13,1,6,1,0.0,0
S02340,40,84935,mobile,ads,search,new,21,1,2,0,0.0,0
S02341,24,22000,mobile,email,search,growth,9,1,4,0,0.0,0
S02342,39,50380,mobile,referral,,,13,0,2,0,0.0,0
S02343,21,48652,mobile,organic,none,new,8,0,2,0,0.0,0
S02344,36,,mobile,email,brand,new,19,0,1,1,0.0,0
S02345,41,52319,mobile,organic,none,new,8,0,2,0,0.0,0
S02346,34,58568,tablet,ads,search,growth,10,1,4,0,0.0,0
S02347,46,33791,desktop,ads,brand,growth,19,0,3,0,1188.9,1
S02348,31,71210,mobile,email,search,growth,18,0,3,1,0.0,0
S02349,31,53110,desktop,organic,none,growth,21,0,4,1,0.0,0
S02350,48,54736,desktop,ads,vip_offer,new,20,0,3,1,0.0,0
S02351,,22000,,organic,none,growth,17,0,4,1,0.0,0
S02352,21,28584,mobile,ads,vip_offer,growth,23,1,3,1,0.0,0
S02353,27,30801,,email,search,growth,17,1,3,0,0.0,0
S02354,21,55880,mobile,referral,none,new,17,0,3,0,0.0,0
S02355,26,,mobile,ads,summer_sale,vip,19,0,2,0,0.0,0
S02356,55,36235,mobile,referral,none,growth,16,0,8,2,1355.06,1
S02357,35,58977,mobile,ads,vip_offer,new,21,0,4,1,0.0,0
S02358,43,42883,tablet,organic,none,new,9,0,3,0,0.0,0
S02359,63,69108,desktop,email,brand,new,13,1,1,0,0.0,0
S02360,18,75321,mobile,ads,summer_sale,growth,19,0,3,1,0.0,0
S02361,38,63349,mobile,organic,,vip,21,0,7,1,0.0,0
S02362,44,89715,desktop,organic,none,new,11,0,7,2,1481.37,1
S02363,45,96989,mobile,email,search,growth,15,1,4,2,0.0,0
S02364,57,,mobile,ads,brand,new,19,1,3,0,0.0,0
S02365,36,71817,mobile,ads,brand,growth,15,0,3,0,0.0,0
S02366,22,42940,mobile,ads,summer_sale,new,15,0,4,1,0.0,0
S02367,39,49476,mobile,ads,search,vip,20,0,6,0,0.0,0
S02368,31,35406,mobile,ads,,growth,13,1,2,0,0.0,0
S02369,42,51652,mobile,organic,none,growth,11,1,4,2,0.0,0
S02370,30,52020,mobile,ads,brand,vip,19,1,2,0,0.0,0
S02371,40,68333,mobile,referral,none,new,16,0,3,0,0.0,0
S02372,40,89059,desktop,ads,brand,new,9,1,2,0,0.0,0
S02373,35,69474,tablet,referral,none,new,21,1,5,0,0.0,0
S02374,42,68374,desktop,ads,search,vip,15,0,5,2,2168.25,1
S02375,46,42559,desktop,organic,none,growth,11,0,4,0,0.0,0
S02376,39,71774,mobile,referral,none,new,17,0,2,0,475.38,1
S02377,35,73463,mobile,referral,none,new,10,0,2,0,0.0,0
S02378,34,52266,desktop,ads,summer_sale,vip,13,1,4,0,0.0,0
S02379,50,87012,desktop,ads,vip_offer,new,17,1,1,1,0.0,0
S02380,46,22000,mobile,email,vip_offer,growth,8,0,4,0,461.39,1
S02381,29,22000,mobile,ads,search,vip,12,1,3,0,903.78,1
S02382,44,55640,mobile,organic,none,new,21,0,3,1,0.0,0
S02383,45,40096,mobile,organic,none,new,23,1,2,0,0.0,0
S02384,40,57340,mobile,organic,none,new,20,0,5,2,0.0,0
S02385,22,30562,,organic,none,new,20,1,2,0,0.0,0
S02386,,66766,mobile,ads,brand,new,8,0,3,0,0.0,0
S02387,47,52407,desktop,organic,none,growth,14,0,4,1,0.0,0
S02388,49,45567,mobile,organic,none,growth,8,0,5,0,0.0,0
S02389,39,79712,desktop,email,summer_sale,new,20,0,5,2,0.0,0
S02390,37,45929,mobile,organic,none,growth,17,0,2,0,0.0,0
S02391,34,83472,mobile,ads,,growth,13,0,3,0,0.0,0
S02392,41,41962,desktop,referral,none,growth,18,0,1,1,1598.42,1
S02393,33,78310,desktop,email,brand,new,14,1,1,0,0.0,0
S02394,27,82402,desktop,organic,none,vip,23,0,2,0,0.0,0
S02395,46,40209,desktop,organic,none,new,9,0,3,1,0.0,0
S02396,43,47760,desktop,organic,none,new,21,0,2,0,0.0,0
S02397,45,32529,tablet,ads,search,vip,12,0,3,0,0.0,0
S02398,43,31402,desktop,organic,none,new,23,0,4,0,0.0,0
S02399,57,65832,mobile,organic,none,new,9,0,4,0,0.0,0
S02400,28,,mobile,ads,vip_offer,new,10,1,3,1,0.0,0
S02401,41,50435,desktop,organic,none,new,22,0,3,0,0.0,0
S02402,45,50319,tablet,email,vip_offer,vip,23,0,4,0,1763.58,1
S02403,34,22000,mobile,organic,none,new,15,1,1,2,0.0,0
S02404,47,37940,desktop,organic,none,new,18,0,4,1,0.0,0
S02405,47,58724,mobile,ads,vip_offer,new,15,1,4,2,0.0,0
S02406,33,34164,mobile,ads,brand,new,14,0,1,0,0.0,0
S02407,28,50751,desktop,organic,none,growth,10,0,5,0,0.0,0
S02408,45,60437,mobile,ads,summer_sale,new,18,0,2,0,0.0,0
S02409,25,74012,mobile,ads,vip_offer,new,17,0,1,0,0.0,0
S02410,19,65365,mobile,ads,brand,growth,9,0,3,0,0.0,0
S02411,51,41517,desktop,referral,none,growth,11,1,2,0,0.0,0
S02412,19,62626,desktop,referral,none,growth,23,0,2,0,0.0,0
S02413,50,65059,mobile,ads,vip_offer,growth,10,0,4,0,0.0,0
S02414,34,64389,mobile,organic,none,new,11,0,4,0,0.0,0
S02415,32,65166,mobile,email,summer_sale,growth,16,0,4,1,0.0,0
S02416,31,74188,mobile,email,vip_offer,new,14,0,2,0,0.0,0
S02417,49,81690,desktop,referral,none,new,19,1,3,1,0.0,0
S02418,26,31721,desktop,ads,,new,19,0,1,0,0.0,0
S02419,41,38512,mobile,email,brand,growth,22,0,8,1,0.0,0
S02420,37,60680,desktop,organic,none,new,14,1,4,0,0.0,0
S02421,33,50525,mobile,organic,none,vip,12,0,2,0,0.0,0
S02422,48,31127,desktop,ads,summer_sale,new,16,1,3,0,0.0,0
S02423,39,52017,mobile,ads,brand,new,13,0,4,0,0.0,0
S02424,35,22000,mobile,organic,none,new,22,0,4,0,0.0,0
S02425,37,52131,desktop,ads,summer_sale,vip,15,0,2,0,0.0,0
S02426,62,73602,mobile,ads,,growth,15,0,3,0,0.0,0
S02427,45,57372,mobile,email,search,new,22,0,4,2,1174.71,1
S02428,40,54438,mobile,ads,brand,new,20,0,1,0,0.0,0
S02429,,62875,desktop,referral,none,new,23,1,2,0,0.0,0
S02430,41,33552,mobile,referral,none,new,13,0,3,0,0.0,0
S02431,36,52685,mobile,email,search,new,18,0,3,0,0.0,0
S02432,39,44109,tablet,ads,vip_offer,new,19,0,6,1,0.0,0
S02433,45,66129,desktop,organic,none,growth,21,1,1,1,1100.73,1
S02434,55,67813,desktop,organic,none,new,11,1,4,0,0.0,0
S02435,46,43433,desktop,organic,none,new,22,1,5,0,0.0,0
S02436,31,39840,mobile,organic,none,growth,17,1,3,0,0.0,0
S02437,38,,desktop,organic,none,new,20,0,2,0,0.0,0
S02438,18,48107,mobile,organic,none,new,11,0,2,0,0.0,0
S02439,29,72578,mobile,ads,brand,growth,19,0,3,0,0.0,0
S02440,30,63451,desktop,organic,none,new,21,0,3,0,0.0,0
S02441,40,92653,mobile,organic,none,new,18,0,9,1,0.0,0
S02442,48,42212,desktop,organic,none,new,8,0,3,1,0.0,0
S02443,45,82881,mobile,referral,none,growth,9,0,2,1,0.0,0
S02444,45,33300,tablet,ads,brand,new,11,0,2,0,0.0,0
S02445,26,38086,mobile,referral,none,new,13,0,1,0,0.0,0
S02446,44,40250,mobile,email,search,new,18,0,5,0,0.0,0
S02447,,53510,mobile,ads,summer_sale,new,17,0,1,1,0.0,0
S02448,20,59466,mobile,ads,vip_offer,new,11,0,1,1,0.0,0
S02449,44,46313,mobile,organic,,vip,8,0,7,1,1931.14,1
S02450,23,37324,mobile,organic,none,vip,16,0,2,1,0.0,0
S02451,33,38799,desktop,ads,vip_offer,new,15,0,2,0,0.0,0
S02452,42,,mobile,organic,none,vip,8,0,2,1,1468.67,1
S02453,26,65189,mobile,ads,summer_sale,growth,12,0,4,0,0.0,0
S02454,29,46681,tablet,,none,new,16,0,1,0,0.0,0
S02455,30,54733,desktop,email,vip_offer,growth,17,1,6,1,0.0,0
S02456,29,25822,desktop,organic,none,new,12,1,3,0,0.0,0
S02457,,40663,desktop,organic,none,growth,11,1,6,1,0.0,0
S02458,42,54540,desktop,email,brand,vip,17,0,1,0,0.0,0
S02459,33,38592,desktop,email,,new,10,0,2,0,0.0,0
S02460,32,64771,desktop,referral,,vip,19,1,3,0,0.0,0
S02461,34,52985,desktop,organic,,vip,18,0,4,0,0.0,0
S02462,22,46558,desktop,referral,none,new,18,0,2,0,0.0,0
S02463,33,72180,mobile,ads,search,vip,11,0,9,2,2331.12,1
S02464,27,53936,mobile,email,summer_sale,vip,14,0,7,1,1998.83,1
S02465,18,50976,desktop,ads,brand,growth,13,0,2,0,0.0,0
S02466,54,31410,mobile,organic,none,growth,19,0,4,0,0.0,0
S02467,47,50103,mobile,referral,none,new,23,0,4,1,0.0,0
S02468,36,66608,mobile,ads,,new,17,0,3,0,0.0,0
S02469,43,62990,mobile,organic,none,new,19,0,2,1,0.0,0
S02470,46,71467,mobile,organic,none,vip,20,0,4,0,0.0,0
S02471,22,48966,mobile,email,brand,new,21,0,3,0,0.0,0
S02472,43,46694,tablet,referral,none,growth,20,0,3,0,0.0,0
S02473,50,63378,desktop,referral,none,growth,8,1,4,0,1169.18,1
S02474,36,36738,mobile,organic,none,growth,22,0,3,0,0.0,0
S02475,47,57418,mobile,organic,,new,13,1,1,0,0.0,0
S02476,35,37134,mobile,organic,none,vip,20,1,6,0,0.0,0
S02477,25,63496,mobile,organic,none,vip,12,0,5,2,0.0,0
S02478,53,118795,desktop,organic,none,vip,15,1,4,0,1983.05,1
S02479,32,22000,mobile,organic,none,growth,19,1,5,1,1129.64,1
S02480,36,22000,tablet,organic,none,growth,12,1,4,0,0.0,0
S02481,57,52507,mobile,referral,none,vip,12,0,5,0,0.0,0
S02482,43,51405,mobile,email,vip_offer,new,19,0,6,0,0.0,0
S02483,42,47655,tablet,referral,none,growth,8,0,2,0,0.0,0
S02484,37,49754,mobile,organic,none,new,20,0,2,0,0.0,0
S02485,48,51772,mobile,ads,summer_sale,new,16,0,1,2,0.0,0
S02486,36,35619,mobile,referral,none,growth,17,1,4,0,0.0,0
S02487,38,52918,desktop,ads,brand,new,18,0,1,1,0.0,0
S02488,18,65736,mobile,referral,none,new,15,0,1,0,0.0,0
S02489,21,33569,desktop,email,search,growth,16,0,4,0,0.0,0
S02490,42,46942,mobile,ads,vip_offer,growth,8,0,4,1,0.0,0
S02491,36,79049,tablet,ads,search,new,12,0,4,0,0.0,0
S02492,40,64112,mobile,ads,,new,13,1,4,0,0.0,0
S02493,30,68752,desktop,email,brand,new,9,1,5,0,0.0,0
S02494,24,69487,mobile,referral,none,growth,15,1,3,1,0.0,0
S02495,27,22000,desktop,email,,new,22,0,2,0,0.0,0
S02496,,41102,desktop,organic,none,new,13,0,4,1,855.2,1
S02497,40,35994,mobile,organic,none,growth,19,0,3,1,0.0,0
S02498,30,91022,mobile,ads,brand,growth,19,1,2,0,0.0,0
S02499,23,65972,tablet,ads,brand,growth,22,0,4,0,0.0,0
S02500,34,59119,desktop,referral,none,vip,12,0,6,1,1735.14,1
S02501,38,,mobile,email,search,growth,14,1,2,1,0.0,0
S02502,62,77101,mobile,organic,none,growth,20,0,2,0,0.0,0
S02503,39,,desktop,ads,summer_sale,growth,9,1,6,0,1671.69,1
S02504,35,50559,desktop,referral,none,new,16,0,1,0,0.0,0
S02505,32,74520,tablet,ads,,growth,8,0,3,2,0.0,0
S02506,37,76700,mobile,organic,,new,21,0,5,0,0.0,0
S02507,25,65311,mobile,referral,none,vip,23,0,6,1,0.0,0
S02508,43,56532,mobile,ads,search,new,21,1,5,1,0.0,0
S02509,36,53953,mobile,referral,none,growth,17,0,4,0,0.0,0
S02510,29,83009,mobile,ads,summer_sale,new,15,1,2,0,0.0,0
S02511,44,76657,desktop,email,search,new,12,0,5,0,0.0,0
S02512,24,36197,mobile,organic,none,new,20,0,5,0,0.0,0
S02513,18,40860,mobile,ads,,growth,12,0,1,0,0.0,0
S02514,39,79587,mobile,email,vip_offer,growth,15,0,4,1,0.0,0
S02515,32,55110,desktop,organic,none,new,22,1,5,0,0.0,0
S02516,29,80924,mobile,ads,,new,8,0,1,2,0.0,0
S02517,28,49679,desktop,ads,search,growth,19,0,2,0,1079.38,1
S02518,49,59420,mobile,ads,summer_sale,growth,13,0,3,0,0.0,0
S02519,23,51767,desktop,ads,summer_sale,new,20,0,1,1,0.0,0
S02520,40,43380,mobile,ads,summer_sale,new,12,1,5,0,0.0,0
S02521,42,63249,mobile,organic,none,new,11,0,3,0,0.0,0
S02522,33,50241,mobile,organic,none,new,23,0,1,0,0.0,0
S02523,44,25224,mobile,ads,summer_sale,vip,23,0,1,1,0.0,0
S02524,18,51391,mobile,ads,brand,growth,8,0,2,0,0.0,0
S02525,27,40137,desktop,ads,,growth,20,0,3,0,0.0,0
S02526,34,77840,desktop,ads,search,growth,8,1,5,0,0.0,0
S02527,49,65933,desktop,organic,none,vip,14,0,1,0,0.0,0
S02528,32,54740,desktop,organic,none,new,15,0,3,0,0.0,0
S02529,18,36928,mobile,ads,brand,growth,14,0,4,2,0.0,0
S02530,33,25954,mobile,referral,none,vip,13,0,6,0,0.0,0
S02531,25,26918,mobile,ads,vip_offer,new,19,1,3,0,0.0,0
S02532,33,27147,mobile,ads,summer_sale,growth,20,0,5,1,0.0,0
S02533,31,66530,mobile,organic,none,vip,10,0,1,0,1937.35,1
S02534,38,48551,mobile,organic,none,growth,15,1,4,1,1121.69,1
S02535,32,30170,mobile,organic,none,vip,17,0,5,1,1608.77,1
S02536,33,34403,mobile,ads,search,growth,14,1,5,1,0.0,0
S02537,47,48452,mobile,organic,none,growth,21,1,5,2,0.0,0
S02538,43,41347,mobile,organic,,new,23,0,5,1,0.0,0
S02539,35,45666,desktop,ads,search,new,14,1,1,0,0.0,0
S02540,18,51350,mobile,email,search,growth,17,0,5,0,0.0,0
S02541,42,23465,tablet,ads,brand,new,20,0,1,0,0.0,0
S02542,43,29960,mobile,organic,none,new,17,0,2,1,0.0,0
S02543,31,28579,tablet,referral,none,vip,10,1,5,0,0.0,0
S02544,24,73993,mobile,email,brand,new,15,0,6,0,0.0,0
S02545,28,85927,mobile,ads,search,new,16,1,3,0,0.0,0
S02546,35,22000,desktop,email,summer_sale,new,13,0,5,0,0.0,0
S02547,,77976,mobile,referral,none,new,23,1,3,0,1183.97,1
S02548,18,68385,desktop,organic,none,new,20,0,1,0,0.0,0
S02549,31,29025,mobile,ads,search,new,21,0,2,0,0.0,0
S02550,29,71293,desktop,ads,vip_offer,new,12,0,10,0,0.0,0
S02551,47,68434,mobile,ads,,vip,13,1,2,0,0.0,0
S02552,21,59116,tablet,organic,,growth,11,0,4,0,0.0,0
S02553,26,54885,mobile,email,brand,growth,13,1,6,2,0.0,0
S02554,45,27186,desktop,organic,none,new,23,0,1,1,870.08,1
S02555,40,22000,desktop,organic,none,growth,15,0,2,0,0.0,0
S02556,40,,mobile,organic,none,new,14,0,2,0,0.0,0
S02557,47,29157,mobile,referral,none,new,16,1,1,0,0.0,0
S02558,22,58009,mobile,ads,summer_sale,growth,14,0,5,0,0.0,0
S02559,,101519,mobile,organic,none,growth,20,0,4,0,0.0,0
S02560,35,76565,mobile,referral,none,vip,14,1,6,1,2290.18,1
S02561,48,35106,desktop,organic,,growth,11,0,2,0,0.0,0
S02562,30,39675,desktop,ads,summer_sale,vip,19,1,4,0,0.0,0
S02563,49,85158,desktop,,,growth,8,0,6,1,0.0,0
S02564,40,59958,mobile,organic,none,vip,8,0,6,0,0.0,0
S02565,51,34105,mobile,referral,none,vip,23,0,1,0,0.0,0
S02566,40,,desktop,email,brand,growth,22,1,2,1,0.0,0
S02567,20,54537,desktop,organic,none,growth,19,0,1,0,0.0,0
S02568,49,51307,mobile,ads,search,vip,12,0,7,0,0.0,0
S02569,29,22442,mobile,organic,none,growth,21,0,4,0,0.0,0
S02570,35,,desktop,referral,none,new,16,0,4,1,1050.75,1
S02571,51,74218,tablet,ads,brand,new,16,0,6,0,0.0,0
S02572,48,50877,mobile,email,summer_sale,growth,22,0,5,0,0.0,0
S02573,51,75977,mobile,email,vip_offer,new,9,0,3,1,0.0,0
S02574,18,51287,mobile,referral,none,new,8,0,3,0,0.0,0
S02575,22,44227,tablet,ads,search,growth,11,0,3,2,0.0,0
S02576,45,52534,desktop,organic,none,growth,16,0,3,0,0.0,0
S02577,24,53209,tablet,ads,summer_sale,new,19,0,7,0,0.0,0
S02578,24,39956,mobile,ads,vip_offer,new,12,0,4,1,0.0,0
S02579,40,65813,mobile,organic,none,growth,12,0,1,0,0.0,0
S02580,22,53810,desktop,ads,brand,new,8,0,4,2,1187.54,1
S02581,46,30137,desktop,email,search,new,12,0,1,0,0.0,0
S02582,27,73585,mobile,referral,none,new,14,0,5,0,0.0,0
S02583,23,57077,mobile,ads,brand,vip,23,0,5,0,0.0,0
S02584,52,47073,mobile,email,summer_sale,new,15,0,3,0,0.0,0
S02585,30,76073,mobile,referral,none,vip,21,0,2,1,0.0,0
S02586,28,55827,mobile,ads,vip_offer,new,19,1,3,0,0.0,0
S02587,35,,desktop,organic,none,growth,22,0,1,0,0.0,0
S02588,40,32838,mobile,organic,none,new,12,1,5,0,0.0,0
S02589,20,46896,mobile,email,search,new,11,0,5,2,0.0,0
S02590,35,34580,mobile,email,summer_sale,growth,15,0,2,0,0.0,0
S02591,24,63815,desktop,organic,none,growth,8,1,2,0,0.0,0
S02592,43,105561,mobile,ads,summer_sale,growth,16,0,1,0,0.0,0
S02593,40,37840,desktop,organic,none,growth,23,0,6,0,0.0,0
S02594,37,67089,mobile,ads,search,new,13,0,3,0,857.89,1
S02595,34,71699,mobile,organic,none,vip,22,0,8,0,0.0,0
S02596,38,51413,desktop,ads,,vip,20,1,5,1,1628.38,1
S02597,41,60424,mobile,organic,none,new,9,0,2,0,0.0,0
S02598,42,,desktop,ads,vip_offer,growth,8,0,2,0,0.0,0
S02599,39,71048,mobile,ads,search,new,18,1,4,0,0.0,0
S02600,31,33064,desktop,organic,none,new,9,0,4,0,0.0,0
S02601,38,57175,mobile,ads,search,growth,8,0,6,1,0.0,0
S02602,34,35032,desktop,ads,,growth,14,0,3,1,0.0,0
S02603,34,,desktop,organic,,vip,16,0,4,0,1748.59,1
S02604,29,67815,desktop,email,brand,new,22,1,3,0,0.0,0
S02605,51,28735,mobile,organic,none,vip,18,1,5,1,0.0,0
S02606,29,22000,desktop,organic,none,new,12,1,4,1,0.0,0
S02607,,61502,desktop,ads,vip_offer,growth,19,1,6,0,0.0,0
S02608,28,48558,mobile,ads,vip_offer,vip,11,0,1,0,0.0,0
S02609,29,63926,mobile,ads,summer_sale,growth,23,1,5,1,0.0,0
S02610,36,56324,mobile,ads,search,growth,15,0,6,0,0.0,0
S02611,35,42673,mobile,referral,none,new,20,1,5,1,769.4,1
S02612,44,41987,mobile,organic,none,growth,8,0,3,1,0.0,0
S02613,34,50989,mobile,ads,summer_sale,growth,23,0,6,0,0.0,0
S02614,43,85841,desktop,email,summer_sale,new,11,0,2,0,0.0,0
S02615,28,55752,mobile,referral,none,vip,18,1,8,2,1882.04,1
S02616,59,40702,desktop,organic,none,new,16,1,3,0,0.0,0
S02617,53,51381,tablet,organic,,growth,21,0,2,0,0.0,0
S02618,46,56823,mobile,organic,none,growth,19,0,5,0,0.0,0
S02619,44,63348,mobile,ads,summer_sale,new,16,0,3,1,0.0,0
S02620,42,50225,mobile,organic,none,new,18,0,3,0,0.0,0
S02621,33,52651,mobile,referral,none,new,14,0,2,0,0.0,0
S02622,38,65843,tablet,ads,brand,new,22,0,2,0,0.0,0
S02623,25,53767,desktop,ads,brand,growth,9,0,1,0,0.0,0
S02624,32,29992,desktop,ads,vip_offer,growth,10,0,3,1,1006.1,1
S02625,43,28275,desktop,,vip_offer,new,8,0,5,2,0.0,0
S02626,30,61422,mobile,ads,vip_offer,growth,17,1,3,0,0.0,0
S02627,27,60378,tablet,organic,none,vip,22,0,8,0,0.0,0
S02628,41,65444,mobile,ads,brand,vip,18,1,5,0,0.0,0
S02629,55,63557,mobile,organic,none,growth,9,0,2,1,0.0,0
S02630,30,71249,mobile,ads,brand,vip,12,0,7,1,0.0,0
S02631,35,33840,mobile,organic,none,growth,12,0,5,0,0.0,0
S02632,52,67285,tablet,organic,none,vip,18,0,2,0,0.0,0
S02633,59,34488,mobile,referral,none,growth,22,0,2,0,0.0,0
S02634,37,67285,desktop,ads,search,new,10,0,2,0,0.0,0
S02635,54,36057,mobile,referral,,growth,22,1,8,0,0.0,0
S02636,18,65603,desktop,organic,none,growth,18,0,2,0,0.0,0
S02637,25,56006,tablet,organic,none,new,9,0,2,0,0.0,0
S02638,36,39632,mobile,ads,vip_offer,growth,9,0,4,1,0.0,0
S02639,27,41875,tablet,organic,none,new,17,0,2,0,0.0,0
S02640,27,35120,mobile,referral,none,new,10,0,6,0,0.0,0
S02641,40,53812,desktop,ads,vip_offer,growth,14,0,2,0,0.0,0
S02642,38,65846,desktop,ads,vip_offer,growth,9,1,3,0,0.0,0
S02643,18,40131,tablet,ads,summer_sale,vip,22,1,3,0,0.0,0
S02644,37,74391,mobile,organic,none,growth,23,1,4,0,0.0,0
S02645,30,72182,desktop,organic,none,vip,22,0,3,0,0.0,0
S02646,28,22000,mobile,ads,brand,new,19,0,3,1,0.0,0
S02647,37,59413,mobile,organic,none,growth,15,0,1,0,0.0,0
S02648,45,,desktop,organic,none,growth,13,0,1,0,0.0,0
S02649,31,76180,desktop,organic,none,new,17,0,2,2,1286.39,1
S02650,20,36667,desktop,ads,brand,growth,15,0,4,1,1434.32,1
S02651,40,59716,desktop,organic,none,new,11,0,5,3,0.0,0
S02652,38,59056,mobile,organic,none,growth,13,0,5,1,0.0,0
S02653,43,45735,desktop,ads,brand,vip,18,1,6,1,1647.23,1
S02654,45,63081,tablet,email,search,growth,19,0,4,0,0.0,0
S02655,18,38668,tablet,ads,summer_sale,,21,1,3,0,0.0,0
S02656,33,36386,desktop,organic,none,new,9,1,4,1,0.0,0
S02657,,43831,mobile,organic,none,new,13,0,2,1,0.0,0
S02658,31,86460,desktop,organic,none,new,11,1,3,0,0.0,0
S02659,31,67217,desktop,organic,,growth,18,0,1,0,0.0,0
S02660,21,41225,mobile,referral,none,growth,18,0,3,0,0.0,0
S02661,27,52331,desktop,ads,summer_sale,,10,0,2,0,0.0,0
S02662,31,52208,mobile,email,summer_sale,growth,22,1,1,0,840.14,1
S02663,22,50902,desktop,ads,vip_offer,growth,17,1,5,0,0.0,0
S02664,34,56278,mobile,ads,search,vip,11,0,3,0,0.0,0
S02665,31,79146,mobile,referral,none,growth,11,0,4,0,0.0,0
S02666,37,35226,desktop,organic,none,new,22,1,2,0,0.0,0
S02667,23,51950,desktop,email,summer_sale,growth,23,0,4,1,0.0,0
S02668,28,43862,desktop,ads,vip_offer,new,16,1,1,0,0.0,0
S02669,27,32270,desktop,organic,none,new,10,0,2,0,0.0,0
S02670,42,47199,mobile,ads,search,new,22,0,1,1,0.0,0
S02671,39,67580,mobile,ads,vip_offer,growth,12,0,8,1,0.0,0
S02672,26,41461,desktop,ads,vip_offer,new,12,0,1,1,0.0,0
S02673,47,27186,mobile,organic,none,new,23,0,1,0,0.0,0
S02674,27,80394,mobile,ads,summer_sale,new,19,0,3,0,0.0,0
S02675,47,41984,mobile,ads,summer_sale,vip,8,0,6,2,0.0,0
S02676,26,80254,mobile,referral,none,new,15,1,2,1,0.0,0
S02677,48,55176,desktop,ads,,vip,16,0,4,0,0.0,0
S02678,18,54087,mobile,ads,search,new,19,0,1,0,0.0,0
S02679,30,65616,mobile,organic,none,growth,20,0,4,2,1729.63,1
S02680,37,56710,desktop,organic,none,new,15,0,1,0,0.0,0
S02681,40,63316,mobile,organic,none,growth,8,0,6,2,1347.71,1
S02682,28,42325,desktop,ads,search,growth,21,0,4,0,0.0,0
S02683,58,61595,mobile,referral,none,growth,13,1,6,0,0.0,0
S02684,47,60186,desktop,organic,none,growth,10,0,7,0,0.0,0
S02685,26,65816,mobile,email,,growth,18,0,4,0,0.0,0
S02686,57,64798,desktop,email,summer_sale,new,12,0,4,0,0.0,0
S02687,49,54667,mobile,referral,none,growth,23,1,5,1,0.0,0
S02688,18,52875,tablet,organic,none,growth,10,0,3,0,0.0,0
S02689,40,71402,desktop,organic,,new,12,1,3,0,1129.78,1
S02690,30,,mobile,ads,vip_offer,vip,12,0,7,2,2411.22,1
S02691,50,31200,mobile,referral,none,vip,15,0,8,0,0.0,0
S02692,44,60056,desktop,email,vip_offer,new,10,0,3,0,0.0,0
S02693,42,52221,mobile,ads,brand,new,19,0,2,0,0.0,0
S02694,46,25676,mobile,referral,none,growth,16,0,4,0,0.0,0
S02695,39,51528,mobile,email,,new,13,1,1,0,0.0,0
S02696,32,70279,mobile,referral,none,vip,18,1,5,0,0.0,0
S02697,27,34895,mobile,ads,,growth,20,0,3,0,0.0,0
S02698,24,,mobile,email,brand,growth,13,1,7,0,0.0,0
S02699,45,22000,mobile,organic,none,growth,8,0,5,0,0.0,0
S02700,35,66026,desktop,organic,none,growth,23,0,3,1,0.0,0
S02701,42,33908,desktop,organic,none,growth,22,0,3,0,0.0,0
S02702,23,47785,mobile,organic,none,growth,16,0,8,2,1906.13,1
S02703,32,62770,desktop,ads,search,new,12,1,1,0,0.0,0
S02704,23,61708,mobile,ads,,growth,8,0,6,1,0.0,0
S02705,27,59073,tablet,organic,none,growth,15,0,3,0,0.0,0
S02706,18,71692,desktop,ads,search,new,22,0,2,0,0.0,0
S02707,23,,mobile,organic,none,new,9,0,1,0,0.0,0
S02708,44,33130,mobile,referral,none,new,8,0,1,1,0.0,0
S02709,39,58629,desktop,organic,none,new,9,0,3,0,0.0,0
S02710,33,50697,desktop,email,brand,new,23,1,2,1,1059.42,1
S02711,18,29252,tablet,email,search,vip,20,0,7,2,1937.09,1
S02712,18,40885,mobile,referral,none,growth,12,1,1,0,0.0,0
S02713,42,50817,mobile,,search,,21,0,5,1,0.0,0
S02714,34,60771,mobile,ads,search,,21,0,7,0,0.0,0
S02715,33,48434,desktop,ads,search,new,9,0,5,0,0.0,0
S02716,30,42635,mobile,email,brand,new,23,0,6,1,0.0,0
S02717,18,62353,mobile,referral,none,growth,11,0,4,0,0.0,0
S02718,47,61353,mobile,email,,new,17,0,5,0,0.0,0
S02719,50,56509,desktop,ads,vip_offer,new,17,0,5,0,0.0,0
S02720,29,71046,desktop,,none,vip,21,1,1,0,0.0,0
S02721,32,30458,mobile,ads,search,growth,20,0,1,0,0.0,0
S02722,22,65714,mobile,ads,search,new,16,0,4,1,0.0,0
S02723,28,,desktop,referral,,growth,11,1,3,0,0.0,0
S02724,38,39554,desktop,referral,none,new,17,0,3,0,0.0,0
S02725,27,64114,desktop,referral,none,new,17,0,3,1,0.0,0
S02726,24,59636,mobile,referral,,growth,16,1,3,0,0.0,0
S02727,20,52493,mobile,organic,none,growth,18,1,5,1,0.0,0
S02728,29,,desktop,organic,,growth,13,0,5,0,0.0,0
S02729,31,74898,mobile,ads,brand,growth,23,0,3,1,0.0,0
S02730,43,54884,mobile,ads,vip_offer,vip,8,0,4,0,0.0,0
S02731,30,59169,desktop,organic,none,growth,11,0,3,0,0.0,0
S02732,42,61555,mobile,organic,none,new,17,1,4,0,0.0,0
S02733,56,69741,mobile,email,summer_sale,vip,14,0,4,0,0.0,0
S02734,,48323,desktop,referral,none,new,14,1,1,0,0.0,0
S02735,32,29955,mobile,referral,none,new,11,0,1,1,0.0,0
S02736,42,72228,mobile,email,vip_offer,new,18,0,5,2,1404.75,1
S02737,31,51913,mobile,organic,none,growth,8,0,3,0,0.0,0
S02738,30,36000,mobile,ads,search,growth,9,1,4,0,0.0,0
S02739,28,71760,mobile,organic,none,growth,22,1,4,0,0.0,0
S02740,41,59281,mobile,ads,,new,19,0,4,0,365.06,1
S02741,42,51972,tablet,organic,none,new,20,0,5,0,0.0,0
S02742,38,38004,desktop,ads,brand,new,16,0,4,0,648.74,1
S02743,34,25170,mobile,ads,summer_sale,new,12,0,1,0,0.0,0
S02744,38,57857,mobile,organic,none,,11,1,1,2,0.0,0
S02745,31,70661,mobile,email,summer_sale,growth,12,0,3,0,0.0,0
S02746,42,40266,desktop,organic,none,new,10,0,5,0,0.0,0
S02747,21,41767,desktop,organic,none,new,23,0,4,0,0.0,0
S02748,25,68214,mobile,organic,none,,16,0,4,1,0.0,0
S02749,41,70638,desktop,organic,none,new,17,0,3,0,0.0,0
S02750,41,101500,desktop,ads,brand,new,18,1,1,0,0.0,0
S02751,34,43172,mobile,referral,none,new,21,0,1,0,0.0,0
S02752,43,60501,mobile,referral,none,growth,15,0,4,0,0.0,0
S02753,34,38068,mobile,referral,none,new,21,1,4,0,0.0,0
S02754,34,59449,desktop,email,,growth,16,0,3,0,0.0,0
S02755,36,50544,desktop,ads,vip_offer,growth,11,1,2,0,0.0,0
S02756,34,44254,tablet,email,brand,new,23,0,2,0,0.0,0
S02757,27,43867,desktop,ads,summer_sale,vip,17,0,5,0,0.0,0
S02758,46,64755,desktop,email,,growth,14,1,4,0,0.0,0
S02759,21,57658,tablet,organic,none,growth,9,1,9,0,0.0,0
S02760,43,,mobile,email,search,new,19,0,6,0,0.0,0
S02761,41,52780,mobile,referral,none,new,21,0,1,0,0.0,0
S02762,38,66341,mobile,referral,none,vip,15,1,7,0,0.0,0
S02763,47,,tablet,ads,,vip,9,0,3,0,0.0,0
S02764,29,59740,desktop,referral,none,growth,14,0,3,0,0.0,0
S02765,49,69090,desktop,organic,none,vip,17,1,2,0,0.0,0
S02766,46,73010,desktop,email,vip_offer,growth,8,1,1,0,0.0,0
S02767,36,74603,tablet,organic,none,growth,20,0,2,2,0.0,0
S02768,42,46192,mobile,referral,,new,11,0,4,1,0.0,0
S02769,35,84858,desktop,ads,,new,22,0,1,0,0.0,0
S02770,42,49575,mobile,organic,none,growth,21,1,6,0,0.0,0
S02771,33,58846,desktop,organic,none,new,14,0,1,1,0.0,0
S02772,52,46499,mobile,organic,none,vip,18,0,4,2,0.0,0
S02773,,69163,mobile,ads,brand,new,17,1,3,0,0.0,0
S02774,36,66699,desktop,referral,,new,13,0,2,0,0.0,0
S02775,26,61657,desktop,referral,none,growth,21,0,5,0,0.0,0
S02776,38,26782,desktop,organic,none,new,14,1,1,0,0.0,0
S02777,32,30264,desktop,email,vip_offer,new,20,0,4,0,0.0,0
S02778,43,49943,desktop,ads,summer_sale,growth,8,0,1,0,0.0,0
S02779,33,68869,mobile,referral,none,new,21,0,4,2,0.0,0
S02780,32,32311,mobile,ads,vip_offer,growth,19,0,1,0,0.0,0
S02781,44,47371,mobile,ads,summer_sale,vip,23,0,5,2,0.0,0
S02782,,35549,mobile,organic,none,growth,19,0,5,0,0.0,0
S02783,44,48019,desktop,referral,none,new,21,0,1,0,0.0,0
S02784,39,49186,mobile,ads,vip_offer,growth,22,1,2,0,0.0,0
S02785,47,47565,desktop,organic,,growth,22,0,2,1,0.0,0
S02786,36,54154,mobile,organic,none,new,23,1,5,0,0.0,0
S02787,18,51820,desktop,organic,,,11,1,5,0,0.0,0
S02788,22,32043,desktop,ads,vip_offer,new,19,1,4,0,0.0,0
S02789,49,51028,desktop,ads,search,new,19,0,1,0,0.0,0
S02790,45,41181,mobile,referral,,growth,19,0,6,0,0.0,0
S02791,36,61107,mobile,referral,none,vip,20,0,2,0,0.0,0
S02792,25,37757,desktop,ads,summer_sale,growth,15,0,2,1,0.0,0
S02793,26,78437,mobile,referral,none,growth,21,0,5,0,0.0,0
S02794,40,37273,mobile,ads,search,growth,23,0,7,1,1111.56,1
S02795,35,53312,desktop,organic,none,growth,11,0,4,0,0.0,0
S02796,31,46462,tablet,organic,none,vip,8,1,5,0,0.0,0
S02797,18,31166,desktop,email,vip_offer,new,16,0,4,0,0.0,0
S02798,46,65782,mobile,organic,none,vip,16,0,3,0,0.0,0
S02799,31,47362,desktop,referral,none,new,23,0,8,2,1286.02,1
S02800,18,54353,desktop,ads,brand,new,14,1,4,0,0.0,0
S02801,45,91099,mobile,ads,vip_offer,new,19,1,2,0,0.0,0
S02802,38,74165,desktop,referral,none,new,11,0,5,0,0.0,0
S02803,39,22000,mobile,,none,growth,11,1,3,1,0.0,0
S02804,31,57060,mobile,organic,none,growth,17,1,3,0,0.0,0
S02805,44,37416,mobile,ads,summer_sale,new,12,0,5,0,0.0,0
S02806,26,49024,mobile,email,summer_sale,growth,15,0,3,1,0.0,0
S02807,23,88186,mobile,organic,none,new,17,0,2,0,0.0,0
S02808,26,53922,desktop,email,brand,new,13,1,2,0,0.0,0
S02809,46,36804,mobile,email,summer_sale,new,23,0,3,0,0.0,0
S02810,28,51427,mobile,ads,,new,9,0,3,0,0.0,0
S02811,44,85806,mobile,organic,,vip,20,0,4,0,0.0,0
S02812,40,35996,mobile,,none,growth,20,0,4,0,0.0,0
S02813,39,70842,mobile,organic,none,new,19,0,4,1,1038.92,1
S02814,33,57278,tablet,organic,none,growth,21,1,6,0,0.0,0
S02815,,,,email,brand,growth,8,1,2,1,0.0,0
S02816,29,69539,mobile,ads,vip_offer,growth,15,0,6,1,0.0,0
S02817,29,41609,mobile,ads,brand,vip,20,1,5,0,0.0,0
S02818,38,82267,desktop,email,,vip,22,1,6,0,1646.04,1
S02819,27,74822,desktop,ads,search,new,8,0,3,1,0.0,0
S02820,30,22000,tablet,ads,vip_offer,new,17,1,3,0,0.0,0
S02821,38,22000,mobile,email,brand,growth,13,0,1,1,0.0,0
S02822,38,30713,desktop,referral,none,vip,14,0,3,0,0.0,0
S02823,40,53782,mobile,organic,none,new,16,0,1,0,0.0,0
S02824,33,72767,desktop,ads,vip_offer,new,14,0,4,0,999.5,1
S02825,29,68750,desktop,ads,vip_offer,new,8,1,1,0,0.0,0
S02826,41,26480,mobile,referral,none,growth,13,0,3,1,0.0,0
S02827,18,38467,mobile,email,vip_offer,vip,21,1,4,0,0.0,0
S02828,28,61126,mobile,organic,none,growth,9,1,2,0,0.0,0
S02829,49,36364,mobile,organic,none,growth,21,0,5,1,1200.84,1
S02830,27,46982,mobile,ads,search,vip,23,0,5,1,0.0,0
S02831,22,46313,desktop,ads,search,growth,21,0,3,0,0.0,0
S02832,46,35497,mobile,email,summer_sale,vip,22,0,6,0,1516.87,1
S02833,53,30558,tablet,ads,search,new,13,1,5,0,0.0,0
S02834,38,51203,mobile,email,summer_sale,new,20,0,4,0,0.0,0
S02835,40,23029,mobile,organic,none,new,10,0,6,0,0.0,0
S02836,29,43412,mobile,ads,vip_offer,new,17,0,5,0,0.0,0
S02837,45,44175,mobile,organic,none,growth,11,0,4,0,0.0,0
S02838,33,52934,desktop,organic,none,new,10,0,3,0,0.0,0
S02839,,57007,desktop,organic,none,new,16,0,2,1,0.0,0
S02840,20,45238,desktop,email,vip_offer,growth,20,0,3,0,0.0,0
S02841,,48723,mobile,email,search,new,11,1,6,0,545.84,1
S02842,22,83035,desktop,referral,none,,10,0,3,0,0.0,0
S02843,30,,mobile,organic,none,new,22,0,6,1,1108.29,1
S02844,40,57096,desktop,email,vip_offer,new,15,0,2,1,0.0,0
S02845,43,59937,mobile,organic,none,growth,8,1,2,0,0.0,0
S02846,24,44968,mobile,organic,none,vip,14,0,5,0,0.0,0
S02847,41,33165,mobile,ads,search,growth,22,1,1,0,0.0,0
S02848,29,51779,desktop,ads,summer_sale,,17,0,5,1,0.0,0
S02849,37,50036,mobile,ads,brand,growth,14,0,2,0,0.0,0
S02850,32,78565,mobile,email,vip_offer,vip,16,0,4,0,0.0,0
S02851,25,68186,tablet,organic,,growth,14,0,5,2,0.0,0
S02852,21,40169,desktop,ads,summer_sale,growth,10,0,2,0,0.0,0
S02853,42,55185,mobile,email,,vip,12,0,6,2,0.0,0
S02854,,74864,desktop,ads,summer_sale,growth,22,0,3,1,0.0,0
S02855,18,55732,desktop,referral,none,new,13,0,3,0,0.0,0
S02856,36,57657,desktop,organic,none,new,9,0,2,2,0.0,0
S02857,41,61150,desktop,organic,none,new,23,1,3,0,0.0,0
S02858,54,,mobile,ads,,growth,21,0,4,1,0.0,0
S02859,,22000,desktop,ads,vip_offer,growth,11,0,3,2,1117.85,1
S02860,49,66199,mobile,email,summer_sale,growth,22,0,4,0,0.0,0
S02861,42,65582,desktop,organic,none,growth,8,0,2,0,0.0,0
S02862,39,78586,mobile,ads,vip_offer,growth,18,1,7,0,0.0,0
S02863,49,50631,mobile,email,vip_offer,new,18,0,4,1,0.0,0
S02864,32,82490,desktop,organic,none,growth,23,0,5,0,0.0,0
S02865,50,57719,desktop,organic,none,new,11,0,1,0,0.0,0
S02866,36,68344,desktop,email,search,growth,8,0,4,1,0.0,0
S02867,39,34592,desktop,organic,none,new,22,0,2,0,0.0,0
S02868,30,34949,mobile,email,summer_sale,new,16,0,9,2,1218.53,1
S02869,40,,mobile,ads,brand,new,20,0,1,1,0.0,0
S02870,33,50415,,ads,search,new,19,0,2,1,0.0,0
S02871,22,68921,desktop,organic,none,growth,12,1,8,2,0.0,0
S02872,32,54647,mobile,organic,,new,17,0,1,0,0.0,0
S02873,39,50760,mobile,referral,none,new,17,1,1,0,0.0,0
S02874,38,63831,mobile,ads,brand,growth,19,1,3,0,0.0,0
S02875,40,22000,desktop,ads,brand,vip,13,1,3,0,1735.39,1
S02876,39,56857,mobile,ads,vip_offer,new,11,0,1,0,0.0,0
S02877,23,28491,mobile,organic,none,new,8,0,6,0,0.0,0
S02878,47,58330,mobile,organic,none,growth,14,1,4,0,0.0,0
S02879,29,51465,desktop,ads,search,growth,14,0,4,2,0.0,0
S02880,29,86654,mobile,referral,none,new,19,0,1,0,0.0,0
S02881,37,50432,desktop,ads,vip_offer,growth,11,0,5,1,0.0,0
S02882,30,33984,mobile,email,vip_offer,new,13,0,2,0,0.0,0
S02883,21,44573,desktop,ads,search,new,18,1,3,0,945.81,1
S02884,38,55264,desktop,referral,none,growth,20,0,3,0,0.0,0
S02885,56,67456,desktop,ads,brand,vip,8,0,5,0,0.0,0
S02886,49,69811,mobile,organic,none,growth,14,1,4,0,0.0,0
S02887,29,46260,mobile,ads,summer_sale,new,17,1,3,0,0.0,0
S02888,52,49675,desktop,organic,none,vip,10,0,4,0,0.0,0
S02889,43,40546,mobile,organic,none,growth,19,0,4,0,0.0,0
S02890,29,48686,mobile,organic,none,growth,18,0,3,2,0.0,0
S02891,28,65947,mobile,organic,none,new,13,0,4,0,0.0,0
S02892,41,34260,desktop,ads,vip_offer,vip,22,0,3,0,0.0,0
S02893,44,38964,mobile,organic,none,growth,16,1,2,1,0.0,0
S02894,44,72280,mobile,email,search,vip,21,1,6,0,0.0,0
S02895,28,46156,mobile,ads,,growth,19,0,3,0,0.0,0
S02896,41,43615,desktop,organic,none,new,21,1,7,0,0.0,0
S02897,60,51406,mobile,organic,,growth,21,1,6,0,0.0,0
S02898,25,50250,desktop,organic,none,growth,17,0,3,2,0.0,0
S02899,41,63096,mobile,email,search,growth,12,0,1,0,0.0,0
S02900,35,53740,mobile,referral,none,new,15,0,2,0,0.0,0
S02901,35,37979,mobile,email,vip_offer,new,19,0,1,0,0.0,0
S02902,26,42972,mobile,ads,brand,new,12,0,3,2,0.0,0
S02903,32,43893,mobile,email,vip_offer,new,12,1,3,0,0.0,0
S02904,32,66300,desktop,referral,none,new,12,0,3,0,0.0,0
S02905,41,55296,tablet,organic,none,growth,16,0,1,1,0.0,0
S02906,32,35608,tablet,organic,none,growth,23,0,5,1,0.0,0
S02907,30,46707,mobile,ads,brand,growth,9,0,4,1,0.0,0
S02908,38,36406,desktop,referral,none,new,15,0,6,1,0.0,0
S02909,43,54227,desktop,organic,none,growth,15,0,2,0,0.0,0
S02910,37,74472,desktop,organic,none,new,22,0,3,0,0.0,0
S02911,34,68200,tablet,organic,none,new,16,0,6,0,0.0,0
S02912,28,50621,mobile,ads,search,new,18,0,3,0,0.0,0
S02913,43,83849,mobile,referral,none,new,23,0,1,1,0.0,0
S02914,29,69882,mobile,referral,none,new,15,0,6,1,0.0,0
S02915,27,75494,mobile,ads,summer_sale,new,23,0,4,1,0.0,0
S02916,26,32069,mobile,,none,growth,17,0,3,0,0.0,0
S02917,26,44909,desktop,ads,,,15,0,5,0,1222.06,1
S02918,48,52579,mobile,ads,summer_sale,new,15,0,4,1,0.0,0
S02919,46,61735,desktop,ads,summer_sale,growth,19,1,3,0,0.0,0
S02920,21,49628,mobile,organic,none,new,9,0,4,0,0.0,0
S02921,33,63746,desktop,referral,none,vip,19,0,5,0,0.0,0
S02922,28,,mobile,organic,none,new,16,0,4,2,1181.41,1
S02923,40,72073,mobile,ads,vip_offer,growth,15,0,6,1,0.0,0
S02924,58,53483,mobile,ads,search,new,20,0,5,0,0.0,0
S02925,39,44636,desktop,ads,brand,growth,23,0,4,0,0.0,0
S02926,42,63227,tablet,email,search,new,19,0,2,2,0.0,0
S02927,35,42398,mobile,ads,summer_sale,growth,16,0,1,0,0.0,0
S02928,51,85142,mobile,ads,search,vip,16,1,8,2,2413.53,1
S02929,26,61575,mobile,organic,none,new,9,0,1,0,0.0,0
S02930,35,51727,desktop,organic,none,growth,20,0,6,0,1031.01,1
S02931,44,50727,mobile,ads,brand,growth,15,0,2,1,0.0,0
S02932,36,30220,mobile,organic,none,new,16,1,5,0,0.0,0
S02933,38,22000,desktop,ads,search,growth,15,0,5,0,0.0,0
S02934,53,73082,desktop,ads,vip_offer,growth,15,1,4,0,0.0,0
S02935,,72476,desktop,organic,none,new,10,1,5,1,1339.16,1
S02936,43,58263,mobile,email,summer_sale,new,10,0,3,0,0.0,0
S02937,35,76848,desktop,ads,vip_offer,new,10,1,6,0,847.93,1
S02938,25,52024,mobile,ads,summer_sale,new,17,0,5,0,0.0,0
S02939,36,36538,desktop,email,summer_sale,growth,11,0,1,1,0.0,0
S02940,43,66675,desktop,referral,none,new,10,0,5,1,0.0,0
S02941,29,28024,mobile,organic,none,growth,20,0,7,0,0.0,0
S02942,27,31379,desktop,referral,none,growth,8,0,4,0,976.13,1
S02943,24,46379,,email,search,growth,21,0,7,1,1495.24,1
S02944,18,22000,mobile,ads,vip_offer,new,18,0,4,0,0.0,0
S02945,20,34508,mobile,referral,none,growth,20,0,4,0,0.0,0
S02946,47,52540,mobile,referral,none,growth,19,1,4,1,0.0,0
S02947,35,31195,mobile,organic,none,growth,17,0,1,0,0.0,0
S02948,22,43368,desktop,referral,none,new,22,0,4,1,0.0,0
S02949,32,54961,desktop,organic,none,growth,11,0,7,0,0.0,0
S02950,36,26583,mobile,ads,summer_sale,new,20,0,2,1,0.0,0
S02951,40,37757,mobile,ads,,vip,15,1,7,0,0.0,0
S02952,32,55971,mobile,referral,none,,18,0,5,0,0.0,0
S02953,44,60989,mobile,organic,none,growth,21,0,5,0,0.0,0
S02954,24,65691,tablet,ads,summer_sale,growth,18,0,3,0,0.0,0
S02955,31,60507,mobile,referral,none,growth,20,0,4,0,927.33,1
S02956,42,43731,desktop,email,vip_offer,new,23,0,3,0,0.0,0
S02957,23,50998,mobile,email,search,new,18,0,2,0,0.0,0
S02958,52,48022,mobile,referral,none,vip,14,0,6,1,0.0,0
S02959,37,43251,desktop,organic,none,new,10,0,3,1,0.0,0
S02960,42,44427,mobile,referral,none,growth,22,0,3,0,0.0,0
S02961,18,59166,mobile,email,brand,growth,13,0,1,0,0.0,0
S02962,38,70581,desktop,organic,none,growth,22,1,6,2,1935.37,1
S02963,40,63497,mobile,email,,vip,23,1,3,0,0.0,0
S02964,33,37330,desktop,organic,none,new,19,0,3,0,0.0,0
S02965,24,40894,mobile,ads,brand,,22,0,5,1,0.0,0
S02966,32,62744,mobile,referral,none,new,11,0,3,0,0.0,0
S02967,54,35578,desktop,referral,none,new,21,0,2,0,156.85,1
S02968,50,110261,desktop,ads,vip_offer,new,11,0,2,0,0.0,0
S02969,23,31085,tablet,ads,vip_offer,new,8,0,2,0,0.0,0
S02970,25,42735,mobile,organic,none,growth,16,1,6,1,0.0,0
S02971,51,22000,mobile,organic,none,new,17,0,3,0,0.0,0
S02972,42,63373,desktop,ads,search,vip,21,1,5,0,0.0,0
S02973,35,62556,mobile,email,summer_sale,growth,15,0,3,0,0.0,0
S02974,36,61623,desktop,referral,none,new,21,0,5,0,0.0,0
S02975,39,73430,desktop,referral,none,new,17,0,2,0,0.0,0
S02976,45,57014,mobile,referral,none,vip,12,0,6,1,1732.89,1
S02977,61,29853,desktop,referral,none,growth,9,0,5,0,0.0,0
S02978,39,22000,desktop,referral,none,new,18,0,1,0,0.0,0
S02979,33,107181,desktop,referral,none,growth,9,1,4,0,0.0,0
S02980,35,25380,mobile,organic,none,growth,11,0,2,0,0.0,0
S02981,25,65438,desktop,email,summer_sale,vip,16,0,4,0,0.0,0
S02982,23,38169,desktop,ads,vip_offer,growth,14,0,5,0,399.61,1
S02983,40,67861,mobile,referral,none,growth,21,0,4,0,1053.48,1
S02984,37,70023,mobile,organic,none,growth,17,0,7,1,0.0,0
S02985,55,22000,mobile,organic,none,growth,12,1,2,0,892.14,1
S02986,33,42135,mobile,organic,none,growth,14,0,2,0,0.0,0
S02987,27,49987,desktop,ads,summer_sale,new,21,0,1,0,0.0,0
S02988,27,22000,mobile,email,brand,vip,19,0,6,1,0.0,0
S02989,30,51053,desktop,email,summer_sale,new,16,0,7,0,0.0,0
S02990,38,58839,mobile,organic,none,growth,22,1,7,0,0.0,0
S02991,31,,desktop,ads,brand,vip,15,0,1,0,0.0,0
S02992,42,64658,mobile,organic,none,growth,21,0,7,1,0.0,0
S02993,40,41857,mobile,organic,none,new,22,0,2,0,0.0,0
S02994,42,22000,desktop,email,vip_offer,vip,10,0,9,2,0.0,0
S02995,34,80833,mobile,organic,none,growth,11,0,4,0,0.0,0
S02996,31,68666,tablet,email,vip_offer,growth,22,0,2,0,0.0,0
S02997,20,51051,mobile,ads,summer_sale,new,14,0,8,2,0.0,0
S02998,30,70002,tablet,referral,none,new,12,1,3,1,0.0,0
S02999,31,49180,mobile,organic,none,new,21,1,6,0,0.0,0
S03000,40,61788,tablet,referral,none,new,16,0,5,1,0.0,0
S00021,42,71980,desktop,referral,none,growth,19,0,3,0,0.0,0
S00089,18,59827,mobile,email,vip_offer,growth,15,1,5,1,0.0,0
S00146,32,47252,mobile,email,search,growth,9,0,6,0,1157.31,1
S00278,50,22000,mobile,organic,none,vip,8,1,3,0,0.0,0
S00505,43,66230,mobile,organic,none,growth,17,0,7,2,0.0,0
S00778,35,66225,mobile,organic,none,new,18,1,1,0,0.0,0
S01003,47,66528,mobile,organic,none,growth,10,0,2,0,0.0,0
S01334,24,58367,tablet,referral,none,new,19,0,1,0,0.0,0
S01667,29,60993,mobile,ads,vip_offer,new,17,1,5,3,0.0,0
S02000,41,37961,mobile,organic,none,new,11,0,4,1,0.0,0
S02445,26,38086,mobile,referral,none,new,13,0,1,0,0.0,0
S02889,43,40546,mobile,organic,none,growth,19,0,4,0,0.0,0
